emoji,sentiment_score,positive,neutral,negative,description
üòÇ,0.22096840377513338,0.46813021474490496,0.28470797428532346,0.24716181096977158,FACE WITH TEARS OF JOY
‚ù§,0.7460869565217392,0.7901863354037267,0.1657142857142857,0.044099378881987575,HEAVY BLACK HEART
‚ô•,0.6576147816349384,0.6928891377379619,0.27183650615901456,0.03527435610302351,BLACK HEART SUIT
üòç,0.6779367825129737,0.7296744771190439,0.218587828274886,0.05173769460607014,SMILING FACE WITH HEART-SHAPED EYES
üò≠,-0.09337676438653641,0.34310532030401736,0.22041259500542887,0.4364820846905538,LOUDLY CRYING FACE
üòò,0.7017543859649124,0.7546600877192983,0.1924342105263158,0.05290570175438596,FACE THROWING A KISS
üòä,0.6446955430006278,0.7040175768989329,0.23666038920276208,0.059322033898305086,SMILING FACE WITH SMILING EYES
üëå,0.5637606837606838,0.6574358974358975,0.24888888888888888,0.09367521367521367,OK HAND SIGN
üíï,0.6329166666666667,0.6741666666666667,0.28458333333333335,0.04125,TWO HEARTS
üëè,0.5205479452054794,0.6245719178082192,0.2714041095890411,0.10402397260273973,CLAPPING HANDS SIGN
üòÅ,0.4499771585198721,0.5769757880310644,0.29602558245774324,0.1269986295111923,GRINNING FACE WITH SMILING EYES
‚ò∫,0.6580989330746847,0.7201745877788555,0.2177497575169738,0.06207565470417071,WHITE SMILING FACE
‚ô°,0.669873417721519,0.7215189873417721,0.22683544303797468,0.051645569620253164,WHITE HEART SUIT
üëç,0.5221143473570657,0.6370010787486515,0.2481121898597627,0.11488673139158576,THUMBS UP SIGN
üò©,-0.36836283185840707,0.22289823008849557,0.18584070796460178,0.5912610619469026,WEARY FACE
üôè,0.41780376868096164,0.4983755685510071,0.42105263157894735,0.08057179987004548,PERSON WITH FOLDED HANDS
‚úå,0.46414602346805733,0.5769230769230769,0.31029986962190353,0.11277705345501955,VICTORY HAND
üòè,0.33245729303547966,0.44415243101182655,0.44415243101182655,0.1116951379763469,SMIRKING FACE
üòâ,0.46416831032215644,0.5634451019066403,0.33727810650887574,0.0992767915844839,WINKING FACE
üôå,0.5604249667994687,0.6613545816733067,0.23771580345285526,0.10092961487383798,PERSON RAISING BOTH HANDS IN CELEBRATION
üôà,0.4326923076923077,0.5961538461538461,0.2403846153846154,0.16346153846153846,SEE-NO-EVIL MONKEY
üí™,0.5557132718239886,0.6273953158268275,0.30092264017033354,0.0716820440028389,FLEXED BICEPS
üòÑ,0.4220314735336195,0.5586552217453505,0.30472103004291845,0.13662374821173104,SMILING FACE WITH OPEN MOUTH AND SMILING EYES
üòí,-0.3747292418772563,0.21660649819494585,0.192057761732852,0.5913357400722021,UNAMUSED FACE
üíÉ,0.7358630952380952,0.7797619047619048,0.17633928571428573,0.04389880952380952,DANCER
üíñ,0.7133808392715756,0.7561361836896279,0.20110847189231987,0.04275534441805225,SPARKLING HEART
üòÉ,0.5580431177446102,0.6293532338308457,0.29933665008291876,0.07131011608623548,SMILING FACE WITH OPEN MOUTH
üòî,-0.1460580912863071,0.31784232365145226,0.21825726141078838,0.46390041493775935,PENSIVE FACE
üò±,0.19026548672566368,0.4539823008849557,0.28230088495575223,0.26371681415929205,FACE SCREAMING IN FEAR
üéâ,0.7395555555555555,0.7777777777777778,0.184,0.03822222222222222,PARTY POPPER
üòú,0.4560386473429952,0.5671497584541063,0.3217391304347826,0.1111111111111111,FACE WITH STUCK-OUT TONGUE AND WINKING EYE
‚òØ,0.0010080645161290322,0.006048387096774193,0.9889112903225806,0.005040322580645161,YIN YANG
üå∏,0.6522198731501057,0.6913319238900634,0.26955602536997886,0.039112050739957716,CHERRY BLOSSOM
üíú,0.6560170394036209,0.6996805111821086,0.2566560170394036,0.043663471778487756,PURPLE HEART
üíô,0.7324561403508771,0.7642543859649122,0.20394736842105263,0.03179824561403509,BLUE HEART
‚ú®,0.35259433962264153,0.4033018867924528,0.5459905660377359,0.05070754716981132,SPARKLES
üò≥,0.017730496453900735,0.34515366430260047,0.32742316784869974,0.32742316784869974,FLUSHED FACE
üíó,0.6590909090909091,0.7093301435406698,0.24043062200956938,0.050239234449760764,GROWING HEART
‚òÖ,0.28381642512077293,0.3140096618357488,0.6557971014492754,0.030193236714975844,BLACK STAR
‚ñà,-0.03258145363408521,0.05639097744360902,0.8546365914786967,0.08897243107769423,FULL BLOCK
‚òÄ,0.46692111959287536,0.49363867684478374,0.4796437659033079,0.026717557251908396,BLACK SUN WITH RAYS
üò°,-0.17328042328042326,0.35978835978835977,0.10714285714285714,0.533068783068783,POUTING FACE
üòé,0.493368700265252,0.5981432360742706,0.29708222811671087,0.10477453580901856,SMILING FACE WITH SUNGLASSES
üò¢,0.006675567423230999,0.39118825100133514,0.22429906542056074,0.38451268357810414,CRYING FACE
üíã,0.6934604904632152,0.7316076294277929,0.23024523160762944,0.03814713896457766,KISS MARK
üòã,0.6335149863760219,0.6784741144414169,0.276566757493188,0.04495912806539509,FACE SAVOURING DELICIOUS FOOD
üôä,0.4606896551724138,0.5944827586206897,0.2717241379310345,0.13379310344827586,SPEAK-NO-EVIL MONKEY
üò¥,-0.0807799442896936,0.3412256267409471,0.23676880222841226,0.4220055710306407,SLEEPING FACE
üé∂,0.5392296718972895,0.6348074179743224,0.26961483594864477,0.09557774607703282,MULTIPLE MUSICAL NOTES
üíû,0.7423580786026202,0.7816593886462883,0.17903930131004367,0.039301310043668124,REVOLVING HEARTS
üòå,0.48421052631578954,0.6240601503759399,0.23609022556390977,0.13984962406015036,RELIEVED FACE
üî•,0.13978494623655913,0.2626728110599078,0.6144393241167435,0.1228878648233487,FIRE
üíØ,0.1208791208791209,0.40188383045525905,0.31711145996860285,0.28100470957613816,HUNDRED POINTS SYMBOL
üî´,-0.19536423841059603,0.2980132450331126,0.20860927152317882,0.49337748344370863,PISTOL
üíõ,0.712624584717608,0.7541528239202658,0.20431893687707642,0.04152823920265781,YELLOW HEART
üíÅ,0.3278688524590164,0.5191256830601093,0.2896174863387978,0.1912568306010929,INFORMATION DESK PERSON
üíö,0.659217877094972,0.7355679702048417,0.18808193668528864,0.07635009310986965,GREEN HEART
‚ô´,0.2889305816135085,0.350844277673546,0.5872420262664165,0.06191369606003752,BEAMED EIGHTH NOTES
üòû,-0.11842105263157898,0.3609022556390977,0.15977443609022557,0.4793233082706767,DISAPPOINTED FACE
üòÜ,0.4117647058823529,0.5654648956356736,0.2808349146110057,0.15370018975332067,SMILING FACE WITH OPEN MOUTH AND TIGHTLY-CLOSED EYES
üòù,0.42540322580645157,0.5564516129032258,0.3125,0.1310483870967742,FACE WITH STUCK-OUT TONGUE AND TIGHTLY-CLOSED EYES
üò™,-0.08091286307053946,0.3506224066390041,0.21784232365145229,0.4315352697095436,SLEEPY FACE
ÔøΩ,0.08686440677966101,0.2521186440677966,0.5826271186440678,0.1652542372881356,REPLACEMENT CHARACTER
üò´,-0.145610278372591,0.3404710920770878,0.1734475374732334,0.4860813704496788,TIRED FACE
üòÖ,0.17965367965367968,0.47186147186147187,0.23593073593073594,0.2922077922077922,SMILING FACE WITH OPEN MOUTH AND COLD SWEAT
üëä,0.22925764192139736,0.49344978165938863,0.2423580786026201,0.26419213973799127,FISTED HAND SIGN
üíÄ,-0.20833333333333337,0.26096491228070173,0.26973684210526316,0.4692982456140351,SKULL
üòÄ,0.571753986332574,0.6560364464692483,0.25968109339407747,0.08428246013667426,GRINNING FACE
üòö,0.714622641509434,0.7617924528301887,0.19103773584905662,0.04716981132075472,KISSING FACE WITH CLOSED EYES
üòª,0.6235011990407674,0.6906474820143885,0.2422062350119904,0.0671462829736211,SMILING CAT FACE WITH HEART-SHAPED EYES
¬©,0.11778846153846154,0.24759615384615385,0.6225961538461539,0.12980769230769232,COPYRIGHT SIGN
üëÄ,0.06341463414634144,0.29024390243902437,0.48292682926829267,0.22682926829268293,EYES
üíò,0.6886075949367089,0.7341772151898734,0.22025316455696203,0.04556962025316456,HEART WITH ARROW
üêì,0.02864583333333333,0.13541666666666666,0.7578125,0.10677083333333333,ROOSTER
‚òï,0.24607329842931935,0.38481675392670156,0.47643979057591623,0.1387434554973822,HOT BEVERAGE
üëã,0.41623036649214656,0.5732984293193717,0.2696335078534031,0.15706806282722513,WAVING HAND SIGN
‚úã,0.12698412698412698,0.455026455026455,0.21693121693121692,0.328042328042328,RAISED HAND
üéä,0.7272727272727273,0.7823691460055097,0.162534435261708,0.05509641873278237,CONFETTI BALL
üçï,0.42045454545454547,0.4744318181818182,0.4715909090909091,0.05397727272727273,SLICE OF PIZZA
‚ùÑ,0.5100286532951289,0.6074498567335244,0.29512893982808025,0.09742120343839542,SNOWFLAKE
üò•,0.12316715542521994,0.4398826979472141,0.2434017595307918,0.31671554252199413,DISAPPOINTED BUT RELIEVED FACE
üòï,-0.39999999999999997,0.20294117647058824,0.19411764705882353,0.6029411764705882,CONFUSED FACE
üí•,0.14893617021276595,0.2188449848024316,0.7112462006079028,0.06990881458966565,COLLISION SYMBOL
üíî,-0.12195121951219512,0.2926829268292683,0.2926829268292683,0.4146341463414634,BROKEN HEART
üò§,-0.21100917431192662,0.2691131498470948,0.25076452599388377,0.4801223241590214,FACE WITH LOOK OF TRIUMPH
üòà,0.2676923076923077,0.4707692307692308,0.3261538461538461,0.20307692307692307,SMILING FACE WITH HORNS
‚ñ∫,0.16307692307692306,0.28615384615384615,0.5907692307692308,0.12307692307692308,BLACK RIGHT-POINTING POINTER
‚úà,0.4192546583850931,0.45962732919254656,0.5,0.040372670807453416,AIRPLANE
üîù,0.4785478547854785,0.5643564356435643,0.34983498349834985,0.0858085808580858,TOP WITH UPWARDS ARROW ABOVE
üò∞,-0.019867549668874163,0.41721854304635764,0.1456953642384106,0.4370860927152318,FACE WITH OPEN MOUTH AND COLD SWEAT
‚öΩ,0.6220735785953178,0.6722408026755853,0.27759197324414714,0.05016722408026756,SOCCER BALL
üòë,-0.31438127090301005,0.20066889632107024,0.2842809364548495,0.5150501672240803,EXPRESSIONLESS FACE
üëë,0.7013422818791946,0.7416107382550335,0.2181208053691275,0.040268456375838924,CROWN
üòπ,0.14237288135593218,0.4406779661016949,0.26101694915254237,0.2983050847457627,CAT FACE WITH TEARS OF JOY
üëâ,0.3938356164383562,0.4623287671232877,0.4691780821917808,0.0684931506849315,WHITE RIGHT POINTING BACKHAND INDEX
üçÉ,0.38144329896907214,0.48109965635738833,0.41924398625429554,0.09965635738831616,LEAF FLUTTERING IN WIND
üéÅ,0.7673611111111112,0.8055555555555556,0.15625,0.03819444444444445,WRAPPED PRESENT
üò†,-0.3020833333333333,0.2638888888888889,0.1701388888888889,0.5659722222222222,ANGRY FACE
üêß,0.4612676056338028,0.5,0.4612676056338028,0.03873239436619718,PENGUIN
‚òÜ,0.4326241134751773,0.46099290780141844,0.5106382978723404,0.028368794326241134,WHITE STAR
üçÄ,0.2877697841726619,0.30935251798561153,0.6690647482014388,0.02158273381294964,FOUR LEAF CLOVER
üéà,0.7256317689530686,0.740072202166065,0.24548736462093862,0.01444043321299639,BALLOON
üéÖ,0.32116788321167883,0.3467153284671533,0.6277372262773723,0.025547445255474453,FATHER CHRISTMAS
üòì,-0.08058608058608058,0.3516483516483517,0.21611721611721613,0.43223443223443225,FACE WITH COLD SWEAT
üò£,-0.2140221402214022,0.3284132841328413,0.12915129151291513,0.5424354243542435,PERSEVERING FACE
üòê,-0.3925925925925926,0.16296296296296298,0.2814814814814815,0.5555555555555556,NEUTRAL FACE
‚úä,0.43333333333333335,0.5703703703703704,0.29259259259259257,0.13703703703703704,RAISED FIST
üò®,-0.1412639405204461,0.2936802973977695,0.27137546468401486,0.4349442379182156,FEARFUL FACE
üòñ,-0.15671641791044777,0.3283582089552239,0.1865671641791045,0.48507462686567165,CONFOUNDED FACE
üí§,0.37453183520599254,0.5168539325842697,0.3408239700374532,0.14232209737827714,SLEEPING SYMBOL
üíì,0.6718146718146718,0.7297297297297297,0.21235521235521235,0.05791505791505792,BEATING HEART
üëé,-0.18992248062015504,0.3062015503875969,0.19767441860465115,0.49612403100775193,THUMBS DOWN SIGN
üí¶,0.4761904761904762,0.6150793650793651,0.24603174603174602,0.1388888888888889,SPLASHING SWEAT SYMBOL
‚úî,0.27309236947791166,0.39759036144578314,0.4779116465863454,0.12449799196787148,HEAVY CHECK MARK
üò∑,-0.17073170731707316,0.3048780487804878,0.21951219512195122,0.47560975609756095,FACE WITH MEDICAL MASK
‚ö°,0.17886178861788618,0.21951219512195122,0.7398373983739838,0.04065040650406504,HIGH VOLTAGE SIGN
üôã,0.4915254237288136,0.6186440677966102,0.2542372881355932,0.1271186440677966,HAPPY PERSON RAISING ONE HAND
üéÑ,0.5381355932203389,0.6016949152542372,0.3347457627118644,0.0635593220338983,CHRISTMAS TREE
üí©,-0.11790393013100436,0.2925764192139738,0.29694323144104806,0.4104803493449782,PILE OF POO
üéµ,0.5067264573991032,0.6098654708520179,0.28699551569506726,0.1031390134529148,MUSICAL NOTE
‚û°,0.14864864864864866,0.15765765765765766,0.8333333333333334,0.009009009009009009,BLACK RIGHTWARDS ARROW
üòõ,0.6090909090909091,0.6909090909090909,0.22727272727272727,0.08181818181818182,FACE WITH STUCK-OUT TONGUE
üò¨,0.19626168224299068,0.46261682242990654,0.27102803738317754,0.26635514018691586,GRIMACING FACE
üëØ,0.44549763033175355,0.5592417061611374,0.32701421800947866,0.11374407582938388,WOMAN WITH BUNNY EARS
üíé,0.569377990430622,0.6220095693779905,0.3253588516746411,0.05263157894736842,GEM STONE
üåø,0.3894230769230769,0.3942307692307692,0.6009615384615384,0.004807692307692308,HERB
üéÇ,0.6218905472636816,0.7014925373134329,0.21890547263681592,0.07960199004975124,BIRTHDAY CAKE
üåü,0.3316582914572864,0.3869346733668342,0.5577889447236181,0.05527638190954774,GLOWING STAR
üîÆ,0.27135678391959794,0.3015075376884422,0.6683417085427136,0.03015075376884422,CRYSTAL BALL
‚ùó,0.101010101010101,0.25757575757575757,0.5858585858585859,0.15656565656565657,HEAVY EXCLAMATION MARK SYMBOL
üë´,0.25888324873096447,0.47715736040609136,0.30456852791878175,0.2182741116751269,MAN AND WOMAN HOLDING HANDS
üèÜ,0.7371134020618557,0.7680412371134021,0.20103092783505155,0.030927835051546393,TROPHY
‚úñ,0.3160621761658031,0.35751295336787564,0.6010362694300518,0.04145077720207254,HEAVY MULTIPLICATION X
‚òù,0.31413612565445026,0.45549738219895286,0.4031413612565445,0.14136125654450263,WHITE UP POINTING INDEX
üòô,0.7905759162303665,0.806282722513089,0.17801047120418848,0.015706806282722512,KISSING FACE WITH SMILING EYES
‚õÑ,0.5287958115183247,0.6020942408376964,0.32460732984293195,0.07329842931937172,SNOWMAN WITHOUT SNOW
üëÖ,0.4684210526315789,0.5894736842105263,0.2894736842105263,0.12105263157894737,TONGUE
‚ô™,0.5421052631578948,0.6210526315789474,0.3,0.07894736842105263,EIGHTH NOTE
üçÇ,0.5555555555555556,0.5873015873015873,0.38095238095238093,0.031746031746031744,FALLEN LEAF
üíè,0.3945945945945946,0.572972972972973,0.24864864864864866,0.1783783783783784,KISS
üî™,0.07103825136612019,0.2786885245901639,0.5136612021857924,0.20765027322404372,HOCHO
üå¥,0.5337078651685394,0.6067415730337079,0.3202247191011236,0.07303370786516854,PALM TREE
üëà,0.43103448275862066,0.5114942528735632,0.40804597701149425,0.08045977011494253,WHITE LEFT POINTING BACKHAND INDEX
üåπ,0.6104651162790697,0.627906976744186,0.3546511627906977,0.01744186046511628,ROSE
üôÜ,0.5087719298245614,0.5964912280701754,0.3157894736842105,0.08771929824561403,FACE WITH OK GESTURE
‚ûú,0.16470588235294117,0.21176470588235294,0.7411764705882353,0.047058823529411764,HEAVY ROUND-TIPPED RIGHTWARDS ARROW
üëª,0.23214285714285718,0.39880952380952384,0.43452380952380953,0.16666666666666666,GHOST
üí∞,0.25595238095238093,0.4107142857142857,0.43452380952380953,0.15476190476190477,MONEY BAG
üçª,0.5212121212121212,0.6242424242424243,0.2727272727272727,0.10303030303030303,CLINKING BEER MUGS
üôÖ,-0.2060606060606061,0.2545454545454545,0.28484848484848485,0.46060606060606063,FACE WITH NO GOOD GESTURE
üåû,0.5679012345679013,0.5864197530864198,0.3950617283950617,0.018518518518518517,SUN WITH FACE
üçÅ,0.4906832298136646,0.5217391304347826,0.4472049689440994,0.031055900621118012,MAPLE LEAF
‚≠ê,0.5911949685534591,0.6226415094339622,0.34591194968553457,0.031446540880503145,WHITE MEDIUM STAR
‚ñ™,0.2012578616352201,0.29559748427672955,0.610062893081761,0.09433962264150944,BLACK SMALL SQUARE
üéÄ,0.6410256410256411,0.6794871794871795,0.28205128205128205,0.038461538461538464,RIBBON
‚îÅ,0.17948717948717946,0.2692307692307692,0.6410256410256411,0.08974358974358974,BOX DRAWINGS HEAVY HORIZONTAL
‚ò∑,0.06493506493506493,0.07792207792207792,0.9090909090909091,0.012987012987012988,TRIGRAM FOR EARTH
üê∑,0.375,0.4473684210526316,0.48026315789473684,0.07236842105263158,PIG FACE
üôâ,0.33999999999999997,0.5133333333333333,0.31333333333333335,0.17333333333333334,HEAR-NO-EVIL MONKEY
üå∫,0.56,0.5733333333333334,0.41333333333333333,0.013333333333333334,HIBISCUS
üíÖ,0.3959731543624162,0.5771812080536913,0.24161073825503357,0.18120805369127516,NAIL POLISH
üê∂,0.5878378378378379,0.668918918918919,0.25,0.08108108108108109,DOG FACE
üåö,0.472972972972973,0.6283783783783784,0.21621621621621623,0.1554054054054054,NEW MOON WITH FACE
üëΩ,0.32191780821917804,0.410958904109589,0.5,0.08904109589041095,EXTRATERRESTRIAL ALIEN
üé§,0.48611111111111105,0.6041666666666666,0.2777777777777778,0.11805555555555555,MICROPHONE
üë≠,0.47222222222222227,0.6111111111111112,0.25,0.1388888888888889,TWO WOMEN HOLDING HANDS
üéß,0.4225352112676057,0.5492957746478874,0.323943661971831,0.1267605633802817,HEADPHONE
üëÜ,0.3333333333333333,0.4492753623188406,0.43478260869565216,0.11594202898550725,WHITE UP POINTING BACKHAND INDEX
üç∏,0.5507246376811594,0.6376811594202898,0.2753623188405797,0.08695652173913043,COCKTAIL GLASS
üç∑,0.40145985401459855,0.45255474452554745,0.49635036496350365,0.051094890510948905,WINE GLASS
¬Æ,0.2846715328467153,0.35036496350364965,0.583941605839416,0.06569343065693431,REGISTERED SIGN
üçâ,0.6102941176470589,0.6838235294117647,0.2426470588235294,0.07352941176470588,WATERMELON
üòá,0.6,0.6666666666666666,0.26666666666666666,0.06666666666666667,SMILING FACE WITH HALO
‚òë,0.10370370370370371,0.11851851851851852,0.8666666666666667,0.014814814814814815,BALLOT BOX WITH CHECK
üèÉ,0.41481481481481475,0.5037037037037037,0.4074074074074074,0.08888888888888889,RUNNER
üòø,-0.3805970149253731,0.20149253731343283,0.21641791044776118,0.582089552238806,CRYING CAT FACE
‚îÇ,0.35074626865671643,0.35074626865671643,0.6492537313432836,0.0,BOX DRAWINGS LIGHT VERTICAL
üí£,0.007633587786259555,0.31297709923664124,0.3816793893129771,0.3053435114503817,BOMB
üç∫,0.5038167938931298,0.5648854961832062,0.37404580152671757,0.061068702290076333,BEER MUG
‚ñ∂,0.21374045801526717,0.26717557251908397,0.6793893129770993,0.05343511450381679,BLACK RIGHT-POINTING TRIANGLE
üò≤,-0.06976744186046513,0.3178294573643411,0.29457364341085274,0.3875968992248062,ASTONISHED FACE
üé∏,0.528,0.536,0.456,0.008,GUITAR
üçπ,0.6747967479674797,0.7154471544715447,0.24390243902439024,0.04065040650406504,TROPICAL DRINK
üí´,0.512396694214876,0.5454545454545454,0.4214876033057851,0.03305785123966942,DIZZY SYMBOL
üìö,0.3445378151260504,0.5294117647058824,0.2857142857142857,0.18487394957983194,BOOKS
üò∂,-0.14529914529914528,0.28205128205128205,0.2905982905982906,0.42735042735042733,FACE WITHOUT MOUTH
üå∑,0.5517241379310345,0.5517241379310345,0.4482758620689655,0.0,TULIP
üíù,0.6608695652173913,0.7304347826086957,0.2,0.06956521739130435,HEART WITH RIBBON
üí®,0.391304347826087,0.4956521739130435,0.4,0.10434782608695652,DASH SYMBOL
üèà,0.543859649122807,0.6052631578947368,0.3333333333333333,0.06140350877192982,AMERICAN FOOTBALL
üíç,0.49107142857142855,0.6339285714285714,0.22321428571428573,0.14285714285714285,RING
‚òî,0.2972972972972973,0.4864864864864865,0.32432432432432434,0.1891891891891892,UMBRELLA WITH RAIN DROPS
üë∏,0.6216216216216216,0.6756756756756757,0.2702702702702703,0.05405405405405406,PRINCESS
üá™,0.6330275229357798,0.6513761467889908,0.3302752293577982,0.01834862385321101,REGIONAL INDICATOR SYMBOL LETTER E
‚ñë,-0.04629629629629631,0.18518518518518517,0.5833333333333334,0.23148148148148148,LIGHT SHADE
üç©,0.39252336448598124,0.5327102803738317,0.32710280373831774,0.14018691588785046,DOUGHNUT
üëæ,0.3714285714285714,0.38095238095238093,0.6095238095238096,0.009523809523809525,ALIEN MONSTER
‚òÅ,0.3173076923076923,0.4519230769230769,0.41346153846153844,0.1346153846153846,CLOUD
üåª,0.5865384615384616,0.5961538461538461,0.3942307692307692,0.009615384615384616,SUNFLOWER
üòµ,0.08737864077669899,0.4077669902912621,0.27184466019417475,0.32038834951456313,DIZZY FACE
üìí,0.0392156862745098,0.0392156862745098,0.9607843137254902,0.0,LEDGER
‚Üø,0.6666666666666666,0.6666666666666666,0.3333333333333333,0.0,UPWARDS HARPOON WITH BARB LEFTWARDS
üêØ,0.49000000000000005,0.53,0.43,0.04,TIGER FACE
üëº,0.3434343434343434,0.5151515151515151,0.31313131313131315,0.1717171717171717,BABY ANGEL
üçî,0.2857142857142857,0.4489795918367347,0.3877551020408163,0.16326530612244897,HAMBURGER
üò∏,0.422680412371134,0.5360824742268041,0.35051546391752575,0.1134020618556701,GRINNING CAT FACE WITH SMILING EYES
üë∂,0.44791666666666674,0.5833333333333334,0.28125,0.13541666666666666,BABY
‚Üæ,0.6666666666666666,0.6666666666666666,0.3333333333333333,0.0,UPWARDS HARPOON WITH BARB RIGHTWARDS
üíê,0.7578947368421053,0.7894736842105263,0.17894736842105263,0.031578947368421054,BOUQUET
üåä,0.5157894736842105,0.6,0.3157894736842105,0.08421052631578947,WATER WAVE
üç¶,0.4736842105263158,0.6105263157894737,0.25263157894736843,0.1368421052631579,SOFT ICE CREAM
üçì,0.6914893617021277,0.723404255319149,0.24468085106382978,0.031914893617021274,STRAWBERRY
üëá,0.25531914893617025,0.39361702127659576,0.46808510638297873,0.13829787234042554,WHITE DOWN POINTING BACKHAND INDEX
üíÜ,0.2282608695652174,0.4891304347826087,0.25,0.2608695652173913,FACE MASSAGE
üç¥,0.5543478260869565,0.5978260869565217,0.358695652173913,0.043478260869565216,FORK AND KNIFE
üòß,-0.06521739130434784,0.32608695652173914,0.2826086956521739,0.391304347826087,ANGUISHED FACE
üá∏,0.5274725274725275,0.6153846153846154,0.2967032967032967,0.08791208791208792,REGIONAL INDICATOR SYMBOL LETTER S
üòÆ,0.2777777777777778,0.45555555555555555,0.36666666666666664,0.17777777777777778,FACE WITH OPEN MOUTH
‚ñì,0.01111111111111111,0.03333333333333333,0.9444444444444444,0.022222222222222223,DARK SHADE
üö´,-0.4545454545454545,0.09090909090909091,0.36363636363636365,0.5454545454545454,NO ENTRY SIGN
üòΩ,0.5909090909090909,0.7159090909090909,0.1590909090909091,0.125,KISSING CAT FACE WITH CLOSED EYES
üåà,0.5340909090909092,0.5909090909090909,0.3522727272727273,0.056818181818181816,RAINBOW
üôÄ,0.34090909090909094,0.5,0.3409090909090909,0.1590909090909091,WEARY CAT FACE
‚ö†,-0.06818181818181819,0.11363636363636363,0.7045454545454546,0.18181818181818182,WARNING SIGN
üéÆ,0.441860465116279,0.5348837209302325,0.37209302325581395,0.09302325581395349,VIDEO GAME
‚ïØ,-0.011904761904761918,0.21428571428571427,0.5595238095238095,0.2261904761904762,BOX DRAWINGS LIGHT ARC UP AND LEFT
üçÜ,0.41666666666666663,0.4880952380952381,0.44047619047619047,0.07142857142857142,AUBERGINE
üç∞,0.4642857142857143,0.6190476190476191,0.2261904761904762,0.15476190476190477,SHORTCAKE
‚úì,0.2976190476190476,0.40476190476190477,0.4880952380952381,0.10714285714285714,CHECK MARK
üëê,-0.024096385542168697,0.37349397590361444,0.2289156626506024,0.39759036144578314,OPEN HANDS SIGN
üôá,0.14457831325301207,0.43373493975903615,0.27710843373493976,0.2891566265060241,PERSON BOWING DEEPLY
üçü,0.3132530120481928,0.4819277108433735,0.3493975903614458,0.1686746987951807,FRENCH FRIES
üçå,0.4512195121951219,0.573170731707317,0.3048780487804878,0.12195121951219512,BANANA
üíë,0.6829268292682926,0.7439024390243902,0.1951219512195122,0.06097560975609756,COUPLE WITH HEART
üë¨,-0.06097560975609756,0.2926829268292683,0.35365853658536583,0.35365853658536583,TWO MEN HOLDING HANDS
üê£,0.49382716049382713,0.6419753086419753,0.20987654320987653,0.14814814814814814,HATCHING CHICK
üéÉ,0.6172839506172839,0.691358024691358,0.2345679012345679,0.07407407407407407,JACK-O-LANTERN
‚ñ¨,0.48148148148148145,0.48148148148148145,0.5185185185185185,0.0,BLACK RECTANGLE
Ôøº,-0.49382716049382713,0.04938271604938271,0.4074074074074074,0.5432098765432098,OBJECT REPLACEMENT CHARACTER
üòü,0.07500000000000001,0.425,0.225,0.35,WORRIED FACE
üêæ,0.6282051282051282,0.7307692307692307,0.16666666666666666,0.10256410256410256,PAW PRINTS
üéì,0.5844155844155844,0.6753246753246753,0.23376623376623376,0.09090909090909091,GRADUATION CAP
üèä,0.5974025974025974,0.6233766233766234,0.35064935064935066,0.025974025974025976,SWIMMER
üç´,0.15789473684210525,0.4473684210526316,0.2631578947368421,0.2894736842105263,CHOCOLATE BAR
üì∑,0.4473684210526316,0.5394736842105263,0.3684210526315789,0.09210526315789473,CAMERA
üëÑ,0.4933333333333334,0.56,0.37333333333333335,0.06666666666666667,MOUTH
üåº,0.8108108108108109,0.8243243243243243,0.16216216216216217,0.013513513513513514,BLOSSOM
üö∂,-0.14864864864864866,0.22972972972972974,0.3918918918918919,0.3783783783783784,PEDESTRIAN
üê±,0.5342465753424658,0.6712328767123288,0.1917808219178082,0.136986301369863,CAT FACE
‚ïë,0.1506849315068493,0.1506849315068493,0.8493150684931506,0.0,BOX DRAWINGS DOUBLE VERTICAL
üê∏,-0.08333333333333331,0.25,0.4166666666666667,0.3333333333333333,FROG FACE
üá∫,0.5633802816901409,0.676056338028169,0.2112676056338028,0.11267605633802817,REGIONAL INDICATOR SYMBOL LETTER U
üëø,-0.557142857142857,0.11428571428571428,0.21428571428571427,0.6714285714285714,IMP
üö¨,0.5428571428571428,0.6571428571428571,0.22857142857142856,0.11428571428571428,SMOKING SYMBOL
‚úø,0.39999999999999997,0.42857142857142855,0.5428571428571428,0.02857142857142857,BLACK FLORETTE
üìñ,0.1764705882352941,0.4411764705882353,0.29411764705882354,0.2647058823529412,OPEN BOOK
üêí,0.5441176470588236,0.5588235294117647,0.4264705882352941,0.014705882352941176,MONKEY
üåç,0.6176470588235294,0.6911764705882353,0.23529411764705882,0.07352941176470588,EARTH GLOBE EUROPE-AFRICA
‚îä,1.0,1.0,0.0,0.0,BOX DRAWINGS LIGHT QUADRUPLE DASH VERTICAL
üê•,0.6119402985074628,0.6716417910447762,0.26865671641791045,0.05970149253731343,FRONT-FACING BABY CHICK
üåÄ,0.10606060606060605,0.25757575757575757,0.5909090909090909,0.15151515151515152,CYCLONE
üêº,0.2727272727272727,0.3333333333333333,0.6060606060606061,0.06060606060606061,PANDA FACE
üé•,0.30303030303030304,0.42424242424242425,0.45454545454545453,0.12121212121212122,MOVIE CAMERA
üíÑ,0.4545454545454545,0.5454545454545454,0.36363636363636365,0.09090909090909091,LIPSTICK
üí∏,0.16666666666666669,0.4090909090909091,0.3484848484848485,0.24242424242424243,MONEY WITH WINGS
‚õî,0.5076923076923077,0.5846153846153846,0.3384615384615385,0.07692307692307693,NO ENTRY
‚óè,0.18461538461538463,0.3076923076923077,0.5692307692307692,0.12307692307692308,BLACK CIRCLE
üèÄ,0.265625,0.46875,0.328125,0.203125,BASKETBALL AND HOOP
üíâ,0.375,0.546875,0.28125,0.171875,SYRINGE
üíü,0.7142857142857142,0.7619047619047619,0.19047619047619047,0.047619047619047616,HEART DECORATION
üöó,0.24193548387096775,0.3709677419354839,0.5,0.12903225806451613,AUTOMOBILE
üòØ,0.12903225806451613,0.3870967741935484,0.3548387096774194,0.25806451612903225,HUSHED FACE
üìù,0.24193548387096775,0.3709677419354839,0.5,0.12903225806451613,MEMO
‚ïê,0.016129032258064516,0.016129032258064516,0.9838709677419355,0.0,BOX DRAWINGS DOUBLE HORIZONTAL
‚ô¶,0.47540983606557374,0.5737704918032787,0.32786885245901637,0.09836065573770492,BLACK DIAMOND SUIT
üí≠,0.2166666666666667,0.38333333333333336,0.45,0.16666666666666666,THOUGHT BALLOON
üåô,0.6206896551724138,0.6724137931034483,0.27586206896551724,0.05172413793103448,CRESCENT MOON
üêü,0.7241379310344828,0.7586206896551724,0.20689655172413793,0.034482758620689655,FISH
üë£,0.3620689655172414,0.46551724137931033,0.43103448275862066,0.10344827586206896,FOOTPRINTS
‚òû,0.1206896551724138,0.1206896551724138,0.8793103448275862,0.0,WHITE RIGHT POINTING INDEX
‚úÇ,-0.48275862068965514,0.10344827586206896,0.3103448275862069,0.5862068965517241,BLACK SCISSORS
üóø,0.46551724137931033,0.5517241379310345,0.3620689655172414,0.08620689655172414,MOYAI
üçù,0.12280701754385964,0.40350877192982454,0.3157894736842105,0.2807017543859649,SPAGHETTI
üë™,-0.017543859649122806,0.40350877192982454,0.17543859649122806,0.42105263157894735,FAMILY
üç≠,0.3157894736842105,0.47368421052631576,0.3684210526315789,0.15789473684210525,LOLLIPOP
üåÉ,0.41071428571428575,0.4642857142857143,0.48214285714285715,0.05357142857142857,NIGHT WITH STARS
‚ùå,0.2857142857142857,0.5357142857142857,0.21428571428571427,0.25,CROSS MARK
üê∞,0.6181818181818182,0.6909090909090909,0.23636363636363636,0.07272727272727272,RABBIT FACE
üíä,0.45454545454545453,0.6,0.2545454545454545,0.14545454545454545,PILL
üö®,0.6727272727272727,0.7818181818181819,0.10909090909090909,0.10909090909090909,POLICE CARS REVOLVING LIGHT
üò¶,-0.38888888888888895,0.16666666666666666,0.2777777777777778,0.5555555555555556,FROWNING FACE WITH OPEN MOUTH
üç™,0.3333333333333333,0.5185185185185185,0.2962962962962963,0.18518518518518517,COOKIE
üç£,-0.24528301886792453,0.20754716981132076,0.33962264150943394,0.4528301886792453,SUSHI
‚ï≠,0.169811320754717,0.22641509433962265,0.7169811320754716,0.05660377358490566,BOX DRAWINGS LIGHT ARC DOWN AND RIGHT
‚úß,0.33962264150943394,0.3584905660377358,0.6226415094339622,0.018867924528301886,WHITE FOUR POINTED STAR
üéÜ,0.75,0.7884615384615384,0.17307692307692307,0.038461538461538464,FIREWORKS
‚ïÆ,0.13461538461538464,0.23076923076923078,0.6730769230769231,0.09615384615384616,BOX DRAWINGS LIGHT ARC DOWN AND LEFT
üéé,0.9607843137254902,0.9607843137254902,0.0392156862745098,0.0,JAPANESE DOLLS
üá©,0.6470588235294117,0.6666666666666666,0.3137254901960784,0.0196078431372549,REGIONAL INDICATOR SYMBOL LETTER D
‚úÖ,0.4313725490196078,0.49019607843137253,0.45098039215686275,0.058823529411764705,WHITE HEAVY CHECK MARK
üëπ,0.061224489795918324,0.32653061224489793,0.40816326530612246,0.2653061224489796,JAPANESE OGRE
üì±,0.326530612244898,0.40816326530612246,0.5102040816326531,0.08163265306122448,MOBILE PHONE
üôç,-0.3469387755102041,0.24489795918367346,0.16326530612244897,0.5918367346938775,PERSON FROWNING
üçë,0.2653061224489796,0.5102040816326531,0.24489795918367346,0.24489795918367346,PEACH
üéº,0.3469387755102041,0.3877551020408163,0.5714285714285714,0.04081632653061224,MUSICAL SCORE
üîä,0.4285714285714286,0.5102040816326531,0.40816326530612246,0.08163265306122448,SPEAKER WITH THREE SOUND WAVES
üåå,0.553191489361702,0.6595744680851063,0.23404255319148937,0.10638297872340426,MILKY WAY
üçé,0.34042553191489366,0.46808510638297873,0.40425531914893614,0.1276595744680851,RED APPLE
üêª,0.46808510638297873,0.5957446808510638,0.2765957446808511,0.1276595744680851,BEAR FACE
‚îÄ,0.14893617021276595,0.14893617021276595,0.851063829787234,0.0,BOX DRAWINGS LIGHT HORIZONTAL
‚ï∞,-0.06382978723404255,0.0851063829787234,0.7659574468085106,0.14893617021276595,BOX DRAWINGS LIGHT ARC UP AND RIGHT
üíá,0.34782608695652173,0.5,0.34782608695652173,0.15217391304347827,HAIRCUT
‚ô¨,0.2608695652173913,0.34782608695652173,0.5652173913043478,0.08695652173913043,BEAMED SIXTEENTH NOTES
‚ôö,0.043478260869565216,0.043478260869565216,0.9565217391304348,0.0,BLACK CHESS KING
üî¥,0.4222222222222222,0.4444444444444444,0.5333333333333333,0.022222222222222223,LARGE RED CIRCLE
üç±,-0.33333333333333337,0.2222222222222222,0.2222222222222222,0.5555555555555556,BENTO BOX
üçä,0.4444444444444444,0.5777777777777777,0.28888888888888886,0.13333333333333333,TANGERINE
üçí,0.33333333333333337,0.4666666666666667,0.4,0.13333333333333333,CHERRIES
üê≠,0.7333333333333333,0.7333333333333333,0.26666666666666666,0.0,MOUSE FACE
üëü,0.4444444444444445,0.5555555555555556,0.3333333333333333,0.1111111111111111,ATHLETIC SHOE
üåé,0.3409090909090909,0.45454545454545453,0.4318181818181818,0.11363636363636363,EARTH GLOBE AMERICAS
üçç,0.5,0.6590909090909091,0.18181818181818182,0.1590909090909091,PINEAPPLE
üêÆ,0.627906976744186,0.6744186046511628,0.27906976744186046,0.046511627906976744,COW FACE
üì≤,0.2558139534883721,0.4186046511627907,0.4186046511627907,0.16279069767441862,MOBILE PHONE WITH RIGHTWARDS ARROW AT LEFT
‚òº,0.20930232558139536,0.2558139534883721,0.6976744186046512,0.046511627906976744,WHITE SUN WITH RAYS
üåÖ,0.380952380952381,0.5238095238095238,0.3333333333333333,0.14285714285714285,SUNRISE
üá∑,0.7142857142857143,0.7380952380952381,0.23809523809523808,0.023809523809523808,REGIONAL INDICATOR SYMBOL LETTER R
üë†,0.380952380952381,0.5238095238095238,0.3333333333333333,0.14285714285714285,HIGH-HEELED SHOE
üåΩ,0.47619047619047616,0.5952380952380952,0.2857142857142857,0.11904761904761904,EAR OF MAIZE
üíß,-0.17073170731707316,0.3170731707317073,0.1951219512195122,0.4878048780487805,DROPLET
‚ùì,0.07317073170731705,0.24390243902439024,0.5853658536585366,0.17073170731707318,BLACK QUESTION MARK ORNAMENT
üç¨,0.39024390243902435,0.5853658536585366,0.21951219512195122,0.1951219512195122,CANDY
üò∫,0.425,0.625,0.175,0.2,SMILING CAT FACE WITH OPEN MOUTH
üê¥,0.07500000000000001,0.275,0.525,0.2,HORSE FACE
üöÄ,0.5249999999999999,0.575,0.375,0.05,ROCKET
¬¶,0.625,0.8,0.025,0.175,BROKEN BAR
üí¢,0.25,0.4,0.45,0.15,ANGER SYMBOL
üé¨,0.3,0.35,0.6,0.05,CLAPPER BOARD
üçß,0.32500000000000007,0.55,0.225,0.225,SHAVED ICE
üçú,0.42500000000000004,0.65,0.125,0.225,STEAMING BOWL
üêè,0.6,0.65,0.3,0.05,RAM
üêò,0.024999999999999994,0.25,0.525,0.225,ELEPHANT
üëß,0.15000000000000002,0.4,0.35,0.25,GIRL
‚†Ä,0.05000000000000002,0.2,0.65,0.15,BRAILLE PATTERN BLANK
üèÑ,0.5641025641025641,0.6153846153846154,0.3333333333333333,0.05128205128205128,SURFER
‚û§,0.3333333333333333,0.3333333333333333,0.6666666666666666,0.0,BLACK RIGHTWARDS ARROWHEAD
‚¨Ü,0.30769230769230765,0.3333333333333333,0.6410256410256411,0.02564102564102564,UPWARDS BLACK ARROW
üçã,0.2631578947368421,0.42105263157894735,0.42105263157894735,0.15789473684210525,LEMON
üÜó,0.5789473684210527,0.7368421052631579,0.10526315789473684,0.15789473684210525,SQUARED OK
‚ö™,0.4864864864864865,0.4864864864864865,0.5135135135135135,0.0,MEDIUM WHITE CIRCLE
üì∫,0.40540540540540543,0.4864864864864865,0.43243243243243246,0.08108108108108109,TELEVISION
üçÖ,0.37837837837837834,0.6216216216216216,0.13513513513513514,0.24324324324324326,TOMATO
‚õÖ,0.4864864864864865,0.5945945945945946,0.2972972972972973,0.10810810810810811,SUN BEHIND CLOUD
üê¢,0.21621621621621623,0.3783783783783784,0.4594594594594595,0.16216216216216217,TURTLE
üëô,0.5405405405405406,0.6216216216216216,0.2972972972972973,0.08108108108108109,BIKINI
üè°,0.47222222222222227,0.6111111111111112,0.25,0.1388888888888889,HOUSE WITH GARDEN
üåæ,0.5833333333333333,0.7222222222222222,0.1388888888888889,0.1388888888888889,EAR OF RICE
‚óâ,0.2777777777777778,0.2777777777777778,0.7222222222222222,0.0,FISHEYE
‚úè,0.37142857142857144,0.45714285714285713,0.45714285714285713,0.08571428571428572,PENCIL
üê¨,0.4571428571428571,0.5142857142857142,0.42857142857142855,0.05714285714285714,DOLPHIN
üç§,0.057142857142857134,0.22857142857142856,0.6,0.17142857142857143,FRIED SHRIMP
üáπ,0.6285714285714286,0.6285714285714286,0.37142857142857144,0.0,REGIONAL INDICATOR SYMBOL LETTER T
‚ô£,0.37142857142857144,0.4857142857142857,0.4,0.11428571428571428,BLACK CLUB SUIT
üêù,0.2285714285714286,0.37142857142857144,0.4857142857142857,0.14285714285714285,HONEYBEE
üåù,0.2058823529411765,0.35294117647058826,0.5,0.14705882352941177,FULL MOON WITH FACE
üáÆ,0.6470588235294118,0.6470588235294118,0.35294117647058826,0.0,REGIONAL INDICATOR SYMBOL LETTER I
üîã,-0.5294117647058824,0.11764705882352941,0.23529411764705882,0.6470588235294118,BATTERY
üêç,0.38235294117647056,0.47058823529411764,0.4411764705882353,0.08823529411764706,SNAKE
‚ôî,0.5882352941176471,0.5882352941176471,0.4117647058823529,0.0,WHITE CHESS KING
üç≥,0.03030303030303033,0.42424242424242425,0.18181818181818182,0.3939393939393939,COOKING
üîµ,0.3333333333333333,0.45454545454545453,0.42424242424242425,0.12121212121212122,LARGE BLUE CIRCLE
üòæ,-0.36363636363636365,0.24242424242424243,0.15151515151515152,0.6060606060606061,POUTING CAT FACE
üåï,0.6060606060606061,0.696969696969697,0.21212121212121213,0.09090909090909091,FULL MOON SYMBOL
üê®,0.48484848484848486,0.6060606060606061,0.2727272727272727,0.12121212121212122,KOALA
üîê,0.3636363636363636,0.5454545454545454,0.2727272727272727,0.18181818181818182,CLOSED LOCK WITH KEY
üíø,0.6666666666666666,0.6666666666666666,0.3333333333333333,0.0,OPTICAL DISC
‚ùÅ,0.06060606060606061,0.06060606060606061,0.9393939393939394,0.0,EIGHT PETALLED OUTLINED BLACK FLORETTE
üå≥,0.53125,0.59375,0.34375,0.0625,DECIDUOUS TREE
üë∞,0.53125,0.625,0.28125,0.09375,BRIDE WITH VEIL
‚ùÄ,0.4375,0.4375,0.5625,0.0,WHITE FLORETTE
‚öì,0.625,0.6875,0.25,0.0625,ANCHOR
üö¥,0.71875,0.71875,0.28125,0.0,BICYCLIST
‚ñÄ,-0.15625,0.15625,0.53125,0.3125,UPPER HALF BLOCK
üëó,0.25806451612903225,0.41935483870967744,0.41935483870967744,0.16129032258064516,DRESS
‚ûï,0.5806451612903226,0.7096774193548387,0.16129032258064516,0.12903225806451613,HEAVY PLUS SIGN
üí¨,0.4,0.5333333333333333,0.3333333333333333,0.13333333333333333,SPEECH BALLOON
‚ñí,-0.03333333333333333,0.03333333333333333,0.9,0.06666666666666667,MEDIUM SHADE
üîú,0.30000000000000004,0.4666666666666667,0.36666666666666664,0.16666666666666666,SOON WITH RIGHTWARDS ARROW ABOVE
üç®,0.23333333333333334,0.5,0.23333333333333334,0.26666666666666666,ICE CREAM
üí≤,0.26666666666666666,0.26666666666666666,0.7333333333333333,0.0,HEAVY DOLLAR SIGN
‚õΩ,0.16666666666666669,0.2,0.7666666666666667,0.03333333333333333,FUEL PUMP
üçô,0.3103448275862069,0.4827586206896552,0.3448275862068966,0.1724137931034483,RICE BALL
üçó,0.06896551724137928,0.3793103448275862,0.3103448275862069,0.3103448275862069,POULTRY LEG
üç≤,0.1379310344827586,0.3793103448275862,0.3793103448275862,0.2413793103448276,POT OF FOOD
üç•,-0.6551724137931034,0.10344827586206896,0.13793103448275862,0.7586206896551724,FISH CAKE WITH SWIRL DESIGN
‚ñ∏,0.2413793103448276,0.2413793103448276,0.7586206896551724,0.0,BLACK RIGHT-POINTING SMALL TRIANGLE
‚ôõ,0.20689655172413796,0.3448275862068966,0.5172413793103449,0.13793103448275862,BLACK CHESS QUEEN
üòº,0.3928571428571428,0.5714285714285714,0.25,0.17857142857142858,CAT FACE WITH WRY SMILE
üêô,0.4285714285714286,0.5,0.42857142857142855,0.07142857142857142,OCTOPUS
üë®,0.5714285714285715,0.6428571428571429,0.2857142857142857,0.07142857142857142,MAN
üçö,0.5,0.7142857142857143,0.07142857142857142,0.21428571428571427,COOKED RICE
üçñ,0.14285714285714285,0.39285714285714285,0.35714285714285715,0.25,MEAT ON BONE
‚ô®,0.9642857142857143,0.9642857142857143,0.03571428571428571,0.0,HOT SPRINGS
üéπ,0.39285714285714285,0.39285714285714285,0.6071428571428571,0.0,MUSICAL KEYBOARD
‚ôï,0.42857142857142855,0.42857142857142855,0.5714285714285714,0.0,WHITE CHESS QUEEN
‚ñÉ,1.0,1.0,0.0,0.0,LOWER THREE EIGHTHS BLOCK
üöò,0.07407407407407407,0.37037037037037035,0.3333333333333333,0.2962962962962963,ONCOMING AUTOMOBILE
üçè,0.07407407407407407,0.3333333333333333,0.4074074074074074,0.25925925925925924,GREEN APPLE
üë©,0.07407407407407407,0.4074074074074074,0.25925925925925924,0.3333333333333333,WOMAN
üë¶,0.14814814814814814,0.3333333333333333,0.48148148148148145,0.18518518518518517,BOY
üá¨,0.2962962962962963,0.37037037037037035,0.5555555555555556,0.07407407407407407,REGIONAL INDICATOR SYMBOL LETTER G
üáß,0.2962962962962963,0.37037037037037035,0.5555555555555556,0.07407407407407407,REGIONAL INDICATOR SYMBOL LETTER B
‚ò†,-0.037037037037037035,0.2222222222222222,0.5185185185185185,0.25925925925925924,SKULL AND CROSSBONES
üê†,0.46153846153846156,0.6153846153846154,0.23076923076923078,0.15384615384615385,TROPICAL FISH
üöπ,0.7692307692307693,0.8076923076923077,0.15384615384615385,0.038461538461538464,MENS SYMBOL
üíµ,0.423076923076923,0.5384615384615384,0.34615384615384615,0.11538461538461539,BANKNOTE WITH DOLLAR SIGN
‚ú∞,0.8846153846153846,0.8846153846153846,0.11538461538461539,0.0,SHADOWED WHITE STAR
‚ï†,0.23076923076923078,0.23076923076923078,0.7692307692307693,0.0,BOX DRAWINGS DOUBLE VERTICAL AND RIGHT
üëõ,0.4,0.56,0.28,0.16,PURSE
üöô,0.03999999999999998,0.24,0.56,0.2,RECREATIONAL VEHICLE
üå±,0.64,0.64,0.36,0.0,SEEDLING
üíª,0.28,0.32,0.64,0.04,PERSONAL COMPUTER
üåè,0.36,0.48,0.4,0.12,EARTH GLOBE ASIA-AUSTRALIA
‚ñÑ,-0.08000000000000002,0.24,0.44,0.32,LOWER HALF BLOCK
üëì,0.3333333333333333,0.3333333333333333,0.6666666666666666,0.0,EYEGLASSES
‚óÑ,0.25,0.25,0.75,0.0,BLACK LEFT-POINTING POINTER
‚öæ,-0.041666666666666685,0.3333333333333333,0.2916666666666667,0.375,BASEBALL
üå≤,0.43478260869565216,0.5217391304347826,0.391304347826087,0.08695652173913043,EVERGREEN TREE
üë¥,0.26086956521739135,0.4782608695652174,0.30434782608695654,0.21739130434782608,OLDER MAN
üè†,0.5652173913043479,0.6086956521739131,0.34782608695652173,0.043478260869565216,HOUSE BUILDING
üçá,0.30434782608695654,0.5217391304347826,0.2608695652173913,0.21739130434782608,GRAPES
üçò,0.4347826086956522,0.6521739130434783,0.13043478260869565,0.21739130434782608,RICE CRACKER
üçõ,0.043478260869565244,0.391304347826087,0.2608695652173913,0.34782608695652173,CURRY AND RICE
üêá,0.2608695652173913,0.43478260869565216,0.391304347826087,0.17391304347826086,RABBIT
üîû,-0.043478260869565216,0.21739130434782608,0.5217391304347826,0.2608695652173913,NO ONE UNDER EIGHTEEN SYMBOL
üëµ,0.4782608695652174,0.6956521739130435,0.08695652173913043,0.21739130434782608,OLDER WOMAN
‚óÄ,0.30434782608695654,0.30434782608695654,0.6956521739130435,0.0,BLACK LEFT-POINTING TRIANGLE
üîô,0.2173913043478261,0.30434782608695654,0.6086956521739131,0.08695652173913043,BACK WITH LEFTWARDS ARROW ABOVE
üåµ,0.2173913043478261,0.4782608695652174,0.2608695652173913,0.2608695652173913,CACTUS
üêΩ,0.13636363636363638,0.36363636363636365,0.4090909090909091,0.22727272727272727,PIG NOSE
üçÆ,-0.13636363636363635,0.3181818181818182,0.22727272727272727,0.45454545454545453,CUSTARD
üéá,0.7727272727272728,0.8181818181818182,0.13636363636363635,0.045454545454545456,FIREWORK SPARKLER
üêé,0.4545454545454545,0.5454545454545454,0.36363636363636365,0.09090909090909091,HORSE
‚ûî,-0.13636363636363635,0.0,0.8636363636363636,0.13636363636363635,HEAVY WIDE-HEADED RIGHTWARDS ARROW
üí∂,0.0,0.13636363636363635,0.7272727272727273,0.13636363636363635,BANKNOTE WITH EURO SIGN
üê§,0.5909090909090909,0.6363636363636364,0.3181818181818182,0.045454545454545456,BABY CHICK
‚ï©,0.22727272727272727,0.22727272727272727,0.7727272727272727,0.0,BOX DRAWINGS DOUBLE UP AND HORIZONTAL
üõÄ,0.14285714285714285,0.42857142857142855,0.2857142857142857,0.2857142857142857,BATH
üåë,0.5238095238095238,0.6190476190476191,0.2857142857142857,0.09523809523809523,NEW MOON SYMBOL
üö≤,0.42857142857142855,0.47619047619047616,0.47619047619047616,0.047619047619047616,BICYCLE
üêë,-0.19047619047619047,0.09523809523809523,0.6190476190476191,0.2857142857142857,SHEEP
üèÅ,0.5714285714285714,0.5714285714285714,0.42857142857142855,0.0,CHEQUERED FLAG
üçû,0.047619047619047616,0.3333333333333333,0.38095238095238093,0.2857142857142857,BREAD
üéæ,0.6190476190476191,0.7142857142857143,0.19047619047619047,0.09523809523809523,TENNIS RACQUET AND BALL
‚ïö,0.3333333333333333,0.3333333333333333,0.6666666666666666,0.0,BOX DRAWINGS DOUBLE UP AND RIGHT
üàπ,0.3333333333333333,0.38095238095238093,0.5714285714285714,0.047619047619047616,SQUARED CJK UNIFIED IDEOGRAPH-5272
üê≥,0.14999999999999997,0.35,0.45,0.2,SPOUTING WHALE
üëÆ,-0.4,0.1,0.4,0.5,POLICE OFFICER
‚òπ,-0.6,0.1,0.2,0.7,WHITE FROWNING FACE
üêµ,0.5499999999999999,0.6,0.35,0.05,MONKEY FACE
‚ú™,0.35,0.35,0.65,0.0,CIRCLED WHITE STAR
‚óï,0.5,0.5,0.5,0.0,CIRCLE WITH ALL BUT UPPER LEFT QUADRANT BLACK
üóº,0.6,0.65,0.3,0.05,TOKYO TOWER
‚ñê,-0.15000000000000002,0.05,0.75,0.2,RIGHT HALF BLOCK
‚ô†,0.35,0.35,0.65,0.0,BLACK SPADE SUIT
‚î≥,-0.4,0.1,0.4,0.5,BOX DRAWINGS HEAVY DOWN AND HORIZONTAL
üë∫,-0.21052631578947367,0.21052631578947367,0.3684210526315789,0.42105263157894735,JAPANESE GOBLIN
üêö,0.2631578947368421,0.3157894736842105,0.631578947368421,0.05263157894736842,SPIRAL SHELL
üëÇ,-0.15789473684210525,0.21052631578947367,0.42105263157894735,0.3684210526315789,EAR
üóΩ,0.3684210526315789,0.42105263157894735,0.5263157894736842,0.05263157894736842,STATUE OF LIBERTY
üçµ,0.4210526315789474,0.5789473684210527,0.2631578947368421,0.15789473684210525,TEACUP WITHOUT HANDLE
üÜí,0.42105263157894735,0.42105263157894735,0.5789473684210527,0.0,SQUARED COOL
üçØ,0.05263157894736842,0.42105263157894735,0.21052631578947367,0.3684210526315789,HONEY POT
üê∫,0.2631578947368421,0.3684210526315789,0.5263157894736842,0.10526315789473684,WOLF FACE
‚á®,0.5263157894736842,0.5263157894736842,0.47368421052631576,0.0,RIGHTWARDS WHITE ARROW
‚û®,0.15789473684210525,0.2631578947368421,0.631578947368421,0.10526315789473684,HEAVY CONCAVE-POINTED BLACK RIGHTWARDS ARROW
üåì,0.6842105263157895,0.6842105263157895,0.3157894736842105,0.0,FIRST QUARTER MOON SYMBOL
üîí,0.21052631578947367,0.47368421052631576,0.2631578947368421,0.2631578947368421,LOCK
‚ï¨,-0.15789473684210525,0.15789473684210525,0.5263157894736842,0.3157894736842105,BOX DRAWINGS DOUBLE VERTICAL AND HORIZONTAL
üë≥,0.7222222222222223,0.8333333333333334,0.05555555555555555,0.1111111111111111,MAN WITH TURBAN
üåÇ,0.2777777777777778,0.3888888888888889,0.5,0.1111111111111111,CLOSED UMBRELLA
üöå,0.2222222222222222,0.3333333333333333,0.5555555555555556,0.1111111111111111,BUS
‚ô©,0.6111111111111112,0.6111111111111112,0.3888888888888889,0.0,QUARTER NOTE
üç°,-0.05555555555555558,0.2222222222222222,0.5,0.2777777777777778,DANGO
‚ù•,0.2777777777777778,0.2777777777777778,0.7222222222222222,0.0,ROTATED HEAVY BLACK HEART BULLET
üé°,0.33333333333333337,0.3888888888888889,0.5555555555555556,0.05555555555555555,FERRIS WHEEL
üíå,0.5882352941176471,0.7058823529411765,0.17647058823529413,0.11764705882352941,LOVE LETTER
üê©,0.4117647058823529,0.4117647058823529,0.5882352941176471,0.0,POODLE
üåú,0.5882352941176471,0.5882352941176471,0.4117647058823529,0.0,LAST QUARTER MOON WITH FACE
‚åö,0.23529411764705885,0.35294117647058826,0.5294117647058824,0.11764705882352941,WATCH
üöø,0.7058823529411764,0.7647058823529411,0.17647058823529413,0.058823529411764705,SHOWER
üêñ,0.17647058823529413,0.17647058823529413,0.8235294117647058,0.0,PIG
üîÜ,0.6470588235294118,0.6470588235294118,0.35294117647058826,0.0,HIGH BRIGHTNESS SYMBOL
üåõ,0.6470588235294118,0.6470588235294118,0.35294117647058826,0.0,FIRST QUARTER MOON WITH FACE
üíÇ,-0.1764705882352941,0.29411764705882354,0.23529411764705882,0.47058823529411764,GUARDSMAN
üêî,0.3529411764705882,0.4117647058823529,0.5294117647058824,0.058823529411764705,CHICKEN
üôé,-0.05882352941176472,0.4117647058823529,0.11764705882352941,0.47058823529411764,PERSON WITH POUTING FACE
üè©,0.5,0.625,0.25,0.125,LOVE HOTEL
üá´,0.5625,0.5625,0.4375,0.0,REGIONAL INDICATOR SYMBOL LETTER F
üî®,-0.125,0.25,0.375,0.375,HAMMER
üì¢,0.5,0.5,0.5,0.0,PUBLIC ADDRESS LOUDSPEAKER
üê¶,0.5,0.5,0.5,0.0,BIRD
üê≤,-0.0625,0.0625,0.8125,0.125,DRAGON FACE
‚ôª,0.5625,0.5625,0.4375,0.0,BLACK UNIVERSAL RECYCLING SYMBOL
üåò,0.6875,0.6875,0.3125,0.0,WANING CRESCENT MOON SYMBOL
üçê,0.1875,0.5,0.1875,0.3125,PEAR
üåî,0.6875,0.6875,0.3125,0.0,WAXING GIBBOUS MOON SYMBOL
‚ï•,0.125,0.5,0.125,0.375,BOX DRAWINGS DOWN DOUBLE AND HORIZONTAL SINGLE
‚ùä,0.0,0.0,1.0,0.0,EIGHT TEARDROP-SPOKED PROPELLER ASTERISK
üëñ,0.4,0.4666666666666667,0.4666666666666667,0.06666666666666667,JEANS
üö∫,0.19999999999999998,0.3333333333333333,0.5333333333333333,0.13333333333333333,WOMENS SYMBOL
üòó,0.7333333333333334,0.8,0.13333333333333333,0.06666666666666667,KISSING FACE
üé≠,0.0,0.3333333333333333,0.3333333333333333,0.3333333333333333,PERFORMING ARTS
üêÑ,0.33333333333333337,0.4666666666666667,0.4,0.13333333333333333,COW
‚óü,-0.06666666666666667,0.06666666666666667,0.8,0.13333333333333333,LOWER LEFT QUADRANT CIRCULAR ARC
üç¢,-0.1333333333333333,0.2,0.4666666666666667,0.3333333333333333,ODEN
üé®,0.2,0.26666666666666666,0.6666666666666666,0.06666666666666667,ARTIST PALETTE
‚¨á,0.4666666666666667,0.6,0.26666666666666666,0.13333333333333333,DOWNWARDS BLACK ARROW
üöº,0.6666666666666666,0.6666666666666666,0.3333333333333333,0.0,BABY SYMBOL
‚õ≤,0.06666666666666667,0.13333333333333333,0.8,0.06666666666666667,FOUNTAIN
‚ñÅ,0.0,0.0,1.0,0.0,LOWER ONE EIGHTH BLOCK
üá¥,0.4,0.4,0.6,0.0,REGIONAL INDICATOR SYMBOL LETTER O
üåó,0.7333333333333333,0.7333333333333333,0.26666666666666666,0.0,LAST QUARTER MOON SYMBOL
üåñ,0.7333333333333333,0.7333333333333333,0.26666666666666666,0.0,WANING GIBBOUS MOON SYMBOL
üîÖ,1.0,1.0,0.0,0.0,LOW BRIGHTNESS SYMBOL
üëú,0.2857142857142857,0.42857142857142855,0.42857142857142855,0.14285714285714285,HANDBAG
üêå,0.7857142857142857,0.7857142857142857,0.21428571428571427,0.0,SNAIL
üíº,0.6428571428571429,0.7142857142857143,0.21428571428571427,0.07142857142857142,BRIEFCASE
üöï,0.0,0.21428571428571427,0.5714285714285714,0.21428571428571427,TAXI
üêπ,0.3571428571428571,0.5714285714285714,0.21428571428571427,0.21428571428571427,HAMSTER FACE
üå†,0.6428571428571428,0.7857142857142857,0.07142857142857142,0.14285714285714285,SHOOTING STAR
üêà,0.35714285714285715,0.35714285714285715,0.6428571428571429,0.0,CAT
‚áß,0.14285714285714285,0.14285714285714285,0.8571428571428571,0.0,UPWARDS WHITE ARROW
‚òé,0.0,0.14285714285714285,0.7142857142857143,0.14285714285714285,BLACK TELEPHONE
üåÅ,0.21428571428571427,0.2857142857142857,0.6428571428571429,0.07142857142857142,FOGGY
‚ö´,0.2857142857142857,0.5,0.2857142857142857,0.21428571428571427,MEDIUM BLACK CIRCLE
‚ôß,0.5714285714285714,0.5714285714285714,0.42857142857142855,0.0,WHITE CLUB SUIT
üè∞,0.3571428571428571,0.42857142857142855,0.5,0.07142857142857142,EUROPEAN CASTLE
üöµ,0.42857142857142855,0.42857142857142855,0.5714285714285714,0.0,MOUNTAIN BICYCLIST
üé¢,0.5714285714285715,0.6428571428571429,0.2857142857142857,0.07142857142857142,ROLLER COASTER
üé∑,0.7857142857142857,0.7857142857142857,0.21428571428571427,0.0,SAXOPHONE
üéê,0.21428571428571427,0.21428571428571427,0.7857142857142857,0.0,WIND CHIME
‚îà,-0.7142857142857142,0.14285714285714285,0.0,0.8571428571428571,BOX DRAWINGS LIGHT QUADRUPLE DASH HORIZONTAL
‚ïó,0.42857142857142855,0.42857142857142855,0.5714285714285714,0.0,BOX DRAWINGS DOUBLE DOWN AND LEFT
‚ï±,0.0,0.0,1.0,0.0,BOX DRAWINGS LIGHT DIAGONAL UPPER RIGHT TO LOWER LEFT
üåá,0.6153846153846154,0.6153846153846154,0.38461538461538464,0.0,SUNSET OVER BUILDINGS
‚è∞,0.5384615384615384,0.6923076923076923,0.15384615384615385,0.15384615384615385,ALARM CLOCK
‚á©,0.0,0.0,1.0,0.0,DOWNWARDS WHITE ARROW
üöÇ,0.3076923076923077,0.3076923076923077,0.6923076923076923,0.0,STEAM LOCOMOTIVE
‚ó†,0.5384615384615384,0.5384615384615384,0.46153846153846156,0.0,UPPER HALF CIRCLE
üéø,0.4615384615384615,0.5384615384615384,0.38461538461538464,0.07692307692307693,SKI AND SKI BOOT
‚ú¶,0.07692307692307693,0.07692307692307693,0.9230769230769231,0.0,BLACK FOUR POINTED STAR
üÜî,0.9230769230769231,0.9230769230769231,0.07692307692307693,0.0,SQUARED ID
‚õ™,0.15384615384615385,0.3076923076923077,0.5384615384615384,0.15384615384615385,CHURCH
üåí,0.6923076923076923,0.6923076923076923,0.3076923076923077,0.0,WAXING CRESCENT MOON SYMBOL
üê™,0.6923076923076923,0.6923076923076923,0.3076923076923077,0.0,DROMEDARY CAMEL
‚ïî,0.3076923076923077,0.3076923076923077,0.6923076923076923,0.0,BOX DRAWINGS DOUBLE DOWN AND RIGHT
‚ïù,0.5384615384615384,0.5384615384615384,0.46153846153846156,0.0,BOX DRAWINGS DOUBLE UP AND LEFT
üëî,0.41666666666666674,0.5833333333333334,0.25,0.16666666666666666,NECKTIE
üî±,0.08333333333333331,0.3333333333333333,0.4166666666666667,0.25,TRIDENT EMBLEM
üÜì,0.25,0.25,0.75,0.0,SQUARED FREE
üêã,0.25,0.4166666666666667,0.4166666666666667,0.16666666666666666,WHALE
‚ñΩ,0.5,0.5833333333333334,0.3333333333333333,0.08333333333333333,WHITE DOWN-POINTING TRIANGLE
‚ñÇ,0.0,0.0,1.0,0.0,LOWER ONE QUARTER BLOCK
üêõ,0.33333333333333337,0.5,0.3333333333333333,0.16666666666666666,BUG
üëï,0.5,0.5833333333333334,0.3333333333333333,0.08333333333333333,T-SHIRT
üöã,0.08333333333333333,0.08333333333333333,0.9166666666666666,0.0,TRAM CAR
üí≥,0.5,0.5833333333333334,0.3333333333333333,0.08333333333333333,CREDIT CARD
üåÜ,0.16666666666666666,0.3333333333333333,0.5,0.16666666666666666,CITYSCAPE AT DUSK
üèß,1.0,1.0,0.0,0.0,AUTOMATED TELLER MACHINE
üí°,0.75,0.75,0.25,0.0,ELECTRIC LIGHT BULB
üîπ,0.16666666666666666,0.3333333333333333,0.5,0.16666666666666666,SMALL BLUE DIAMOND
‚¨Ö,0.5833333333333334,0.5833333333333334,0.4166666666666667,0.0,LEFTWARDS BLACK ARROW
üç†,0.0,0.4166666666666667,0.16666666666666666,0.4166666666666667,ROASTED SWEET POTATO
üê´,0.4166666666666667,0.4166666666666667,0.5833333333333334,0.0,BACTRIAN CAMEL
üè™,0.08333333333333334,0.25,0.5833333333333334,0.16666666666666666,CONVENIENCE STORE
€©,0.0,0.0,1.0,0.0,ARABIC PLACE OF SAJDAH
üá±,0.5,0.5,0.5,0.0,REGIONAL INDICATOR SYMBOL LETTER L
üìπ,0.5454545454545454,0.6363636363636364,0.2727272727272727,0.09090909090909091,VIDEO CAMERA
üëû,0.5454545454545454,0.6363636363636364,0.2727272727272727,0.09090909090909091,MANS SHOE
üöë,0.09090909090909094,0.36363636363636365,0.36363636363636365,0.2727272727272727,AMBULANCE
üÜò,0.09090909090909088,0.45454545454545453,0.18181818181818182,0.36363636363636365,SQUARED SOS
üëö,0.7272727272727273,0.7272727272727273,0.2727272727272727,0.0,WOMANS CLOTHES
üöç,0.09090909090909088,0.45454545454545453,0.18181818181818182,0.36363636363636365,ONCOMING BUS
‚ñ°,-0.2727272727272727,0.36363636363636365,0.0,0.6363636363636364,WHITE SQUARE
üêÇ,0.1818181818181818,0.2727272727272727,0.6363636363636364,0.09090909090909091,OX
üö£,0.7272727272727273,0.7272727272727273,0.2727272727272727,0.0,ROWBOAT
‚ú≥,0.0,0.0,1.0,0.0,EIGHT SPOKED ASTERISK
üèâ,0.6363636363636364,0.6363636363636364,0.36363636363636365,0.0,RUGBY FOOTBALL
üóª,0.7272727272727273,0.7272727272727273,0.2727272727272727,0.0,MOUNT FUJI
üêÄ,0.1818181818181818,0.2727272727272727,0.6363636363636364,0.09090909090909091,RAT
‚ï¶,0.45454545454545453,0.45454545454545453,0.5454545454545454,0.0,BOX DRAWINGS DOUBLE DOWN AND HORIZONTAL
‚õ∫,0.6,0.7,0.2,0.1,TENT
üêï,0.30000000000000004,0.4,0.5,0.1,DOG
üèÇ,0.5,0.6,0.3,0.1,SNOWBOARDER
üë°,0.5,0.6,0.3,0.1,WOMANS SANDAL
üìª,0.4,0.5,0.4,0.1,RADIO
‚úí,0.30000000000000004,0.4,0.5,0.1,BLACK NIB
üå∞,0.7,0.7,0.3,0.0,CHESTNUT
üè¢,0.2,0.2,0.8,0.0,OFFICE BUILDING
üéí,0.6,0.7,0.2,0.1,SCHOOL SATCHEL
‚åí,0.7,0.7,0.3,0.0,ARC
üè´,-0.3,0.3,0.1,0.6,SCHOOL
üì¥,0.8,0.9,0.0,0.1,MOBILE PHONE OFF
üö¢,0.3,0.6,0.1,0.3,SHIP
üöö,-0.1,0.1,0.7,0.2,DELIVERY TRUCK
üêâ,0.2,0.2,0.8,0.0,DRAGON
‚ùí,0.3,0.3,0.7,0.0,UPPER RIGHT SHADOWED WHITE SQUARE
üêä,0.09999999999999998,0.3,0.5,0.2,CROCODILE
üîî,1.0,1.0,0.0,0.0,BELL
‚ó¢,0.8,0.8,0.2,0.0,BLACK LOWER RIGHT TRIANGLE
üè•,0.3333333333333333,0.4444444444444444,0.4444444444444444,0.1111111111111111,HOSPITAL
‚ùî,0.0,0.3333333333333333,0.3333333333333333,0.3333333333333333,WHITE QUESTION MARK ORNAMENT
üöñ,-0.1111111111111111,0.2222222222222222,0.4444444444444444,0.3333333333333333,ONCOMING TAXI
üÉè,0.1111111111111111,0.4444444444444444,0.2222222222222222,0.3333333333333333,PLAYING CARD BLACK JOKER
‚ñº,0.1111111111111111,0.3333333333333333,0.4444444444444444,0.2222222222222222,BLACK DOWN-POINTING TRIANGLE
‚ñå,-0.3333333333333333,0.1111111111111111,0.4444444444444444,0.4444444444444444,LEFT HALF BLOCK
‚òõ,0.4444444444444444,0.4444444444444444,0.5555555555555556,0.0,BLACK RIGHT POINTING INDEX
‚ú©,0.0,0.0,1.0,0.0,STRESS OUTLINED WHITE STAR
üíí,0.6666666666666666,0.6666666666666666,0.3333333333333333,0.0,WEDDING
üö§,0.4444444444444444,0.4444444444444444,0.5555555555555556,0.0,SPEEDBOAT
üêê,0.5555555555555556,0.5555555555555556,0.4444444444444444,0.0,GOAT
‚ñ†,-0.33333333333333337,0.2222222222222222,0.2222222222222222,0.5555555555555556,BLACK SQUARE
üîö,0.4444444444444445,0.5555555555555556,0.3333333333333333,0.1111111111111111,END WITH LEFTWARDS ARROW ABOVE
üéª,0.4444444444444444,0.4444444444444444,0.5555555555555556,0.0,VIOLIN
üî∑,0.2222222222222222,0.2222222222222222,0.7777777777777778,0.0,LARGE BLUE DIAMOND
üö¶,0.1111111111111111,0.3333333333333333,0.4444444444444444,0.2222222222222222,VERTICAL TRAFFIC LIGHT
üîì,0.1111111111111111,0.4444444444444444,0.2222222222222222,0.3333333333333333,OPEN LOCK
üéΩ,0.5555555555555556,0.5555555555555556,0.4444444444444444,0.0,RUNNING SHIRT WITH SASH
üìÖ,0.2222222222222222,0.4444444444444444,0.3333333333333333,0.2222222222222222,CALENDAR
üé∫,0.7777777777777777,0.8888888888888888,0.0,0.1111111111111111,TRUMPET
‚úØ,0.0,0.0,1.0,0.0,PINWHEEL STAR
üçà,-0.4444444444444444,0.2222222222222222,0.1111111111111111,0.6666666666666666,MELON
‚úâ,0.3333333333333333,0.4444444444444444,0.4444444444444444,0.1111111111111111,ENVELOPE
‚ï£,0.0,0.0,1.0,0.0,BOX DRAWINGS DOUBLE VERTICAL AND LEFT
‚ó§,1.0,1.0,0.0,0.0,BLACK UPPER LEFT TRIANGLE
‚óã,0.625,0.625,0.375,0.0,WHITE CIRCLE
üçº,0.625,0.75,0.125,0.125,BABY BOTTLE
üìÄ,0.125,0.25,0.625,0.125,DVD
üöõ,-0.25,0.0,0.75,0.25,ARTICULATED LORRY
üìì,0.25,0.375,0.5,0.125,NOTEBOOK
‚òâ,0.25,0.25,0.75,0.0,SUN
üí¥,-0.25,0.125,0.5,0.375,BANKNOTE WITH YEN SIGN
‚îº,0.0,0.25,0.5,0.25,BOX DRAWINGS LIGHT VERTICAL AND HORIZONTAL
üêÉ,0.0,0.0,1.0,0.0,WATER BUFFALO
‚û∞,-0.125,0.375,0.125,0.5,CURLY LOOP
üîå,-0.125,0.25,0.375,0.375,ELECTRIC PLUG
üçÑ,0.0,0.25,0.5,0.25,MUSHROOM
üìï,0.25,0.375,0.5,0.125,CLOSED BOOK
üì£,0.5,0.625,0.25,0.125,CHEERING MEGAPHONE
üöì,0.375,0.375,0.625,0.0,POLICE CAR
üêó,0.625,0.625,0.375,0.0,BOAR
‚Ü™,0.125,0.125,0.875,0.0,RIGHTWARDS ARROW WITH HOOK
‚õ≥,0.875,0.875,0.125,0.0,FLAG IN HOLE
‚îª,-0.5,0.25,0.0,0.75,BOX DRAWINGS HEAVY UP AND HORIZONTAL
‚îõ,0.75,0.75,0.25,0.0,BOX DRAWINGS HEAVY UP AND LEFT
‚îÉ,0.5,0.5,0.5,0.0,BOX DRAWINGS HEAVY VERTICAL
üë±,0.14285714285714285,0.2857142857142857,0.5714285714285714,0.14285714285714285,PERSON WITH BLOND HAIR
‚è≥,0.0,0.42857142857142855,0.14285714285714285,0.42857142857142855,HOURGLASS WITH FLOWING SAND
üí∫,0.2857142857142857,0.42857142857142855,0.42857142857142855,0.14285714285714285,SEAT
üèá,-0.14285714285714285,0.2857142857142857,0.2857142857142857,0.42857142857142855,HORSE RACING
‚òª,0.2857142857142857,0.42857142857142855,0.42857142857142855,0.14285714285714285,BLACK SMILING FACE
üìû,0.5714285714285714,0.5714285714285714,0.42857142857142855,0.0,TELEPHONE RECEIVER
‚í∂,-0.14285714285714285,0.14285714285714285,0.5714285714285714,0.2857142857142857,CIRCLED LATIN CAPITAL LETTER A
üåâ,0.7142857142857143,0.7142857142857143,0.2857142857142857,0.0,BRIDGE AT NIGHT
üö©,-0.2857142857142857,0.14285714285714285,0.42857142857142855,0.42857142857142855,TRIANGULAR FLAG ON POST
‚úé,0.7142857142857143,0.7142857142857143,0.2857142857142857,0.0,LOWER RIGHT PENCIL
üìÉ,0.5714285714285714,0.5714285714285714,0.42857142857142855,0.0,PAGE WITH CURL
üè®,0.2857142857142857,0.2857142857142857,0.7142857142857143,0.0,HOTEL
üìå,-0.5714285714285714,0.14285714285714285,0.14285714285714285,0.7142857142857143,PUSHPIN
‚ôé,-0.14285714285714285,0.14285714285714285,0.5714285714285714,0.2857142857142857,LIBRA
üí∑,0.5714285714285714,0.5714285714285714,0.42857142857142855,0.0,BANKNOTE WITH POUND SIGN
üöÑ,0.7142857142857143,0.7142857142857143,0.2857142857142857,0.0,HIGH-SPEED TRAIN
‚ñ≤,0.7142857142857143,0.7142857142857143,0.2857142857142857,0.0,BLACK UP-POINTING TRIANGLE
‚õµ,0.7142857142857143,0.7142857142857143,0.2857142857142857,0.0,SAILBOAT
üî∏,0.2857142857142857,0.2857142857142857,0.7142857142857143,0.0,SMALL ORANGE DIAMOND
‚åõ,0.14285714285714285,0.42857142857142855,0.2857142857142857,0.2857142857142857,HOURGLASS
üöú,1.0,1.0,0.0,0.0,TRACTOR
üêÜ,0.42857142857142855,0.42857142857142855,0.5714285714285714,0.0,LEOPARD
üëí,0.2857142857142857,0.42857142857142855,0.42857142857142855,0.14285714285714285,WOMANS HAT
‚ùï,0.2857142857142857,0.42857142857142855,0.42857142857142855,0.14285714285714285,WHITE EXCLAMATION MARK ORNAMENT
üîõ,0.5714285714285714,0.7142857142857143,0.14285714285714285,0.14285714285714285,ON WITH EXCLAMATION MARK WITH LEFT RIGHT ARROW ABOVE
‚ô¢,0.42857142857142855,0.42857142857142855,0.5714285714285714,0.0,WHITE DIAMOND SUIT
üá≤,0.5714285714285714,0.5714285714285714,0.42857142857142855,0.0,REGIONAL INDICATOR SYMBOL LETTER M
‚ùÖ,0.8571428571428571,0.8571428571428571,0.14285714285714285,0.0,TIGHT TRIFOLIATE SNOWFLAKE
üëù,0.5,0.6666666666666666,0.16666666666666666,0.16666666666666666,POUCH
‚úû,0.5,0.5,0.5,0.0,SHADOWED WHITE LATIN CROSS
‚ó°,0.3333333333333333,0.3333333333333333,0.6666666666666666,0.0,LOWER HALF CIRCLE
üéã,0.6666666666666667,0.8333333333333334,0.0,0.16666666666666666,TANABATA TREE
üë•,0.33333333333333337,0.5,0.3333333333333333,0.16666666666666666,BUSTS IN SILHOUETTE
üìµ,0.16666666666666666,0.3333333333333333,0.5,0.16666666666666666,NO MOBILE PHONES
üê°,0.3333333333333333,0.3333333333333333,0.6666666666666666,0.0,BLOWFISH
‚óÜ,0.8333333333333334,0.8333333333333334,0.16666666666666666,0.0,BLACK DIAMOND
üèØ,0.16666666666666666,0.16666666666666666,0.8333333333333334,0.0,JAPANESE CASTLE
‚òÇ,0.0,0.16666666666666666,0.6666666666666666,0.16666666666666666,UMBRELLA
üî≠,0.5,0.5,0.5,0.0,TELESCOPE
üé™,0.3333333333333333,0.3333333333333333,0.6666666666666666,0.0,CIRCUS TENT
üêú,0.6666666666666666,0.6666666666666666,0.3333333333333333,0.0,ANT
‚ôå,0.8333333333333334,0.8333333333333334,0.16666666666666666,0.0,LEO
‚òê,-1.0,0.0,0.0,1.0,BALLOT BOX
üë∑,0.33333333333333337,0.5,0.3333333333333333,0.16666666666666666,CONSTRUCTION WORKER
‚Ü≥,0.0,0.0,1.0,0.0,DOWNWARDS ARROW WITH TIP RIGHTWARDS
üîà,0.3333333333333333,0.3333333333333333,0.6666666666666666,0.0,SPEAKER
üìÑ,1.0,1.0,0.0,0.0,PAGE FACING UP
üìç,0.16666666666666666,0.3333333333333333,0.5,0.16666666666666666,ROUND PUSHPIN
üöê,0.8333333333333334,0.8333333333333334,0.16666666666666666,0.0,MINIBUS
üöî,0.0,0.16666666666666666,0.6666666666666666,0.16666666666666666,ONCOMING POLICE CAR
üåã,0.6666666666666666,0.6666666666666666,0.3333333333333333,0.0,VOLCANO
üì°,0.33333333333333337,0.5,0.3333333333333333,0.16666666666666666,SATELLITE ANTENNA
‚è©,0.16666666666666666,0.16666666666666666,0.8333333333333334,0.0,BLACK RIGHT-POINTING DOUBLE TRIANGLE
üö≥,1.0,1.0,0.0,0.0,NO BICYCLES
‚úò,0.8333333333333334,0.8333333333333334,0.16666666666666666,0.0,HEAVY BALLOT X
€û,0.0,0.0,1.0,0.0,ARABIC START OF RUB EL HIZB
‚òæ,0.0,0.0,1.0,0.0,LAST QUARTER MOON
üÖ∞,0.33333333333333337,0.5,0.3333333333333333,0.16666666666666666,NEGATIVE SQUARED LATIN CAPITAL LETTER A
üì•,0.0,0.0,1.0,0.0,INBOX TRAY
üáº,0.5,0.5,0.5,0.0,REGIONAL INDICATOR SYMBOL LETTER W
‚îì,0.6666666666666666,0.6666666666666666,0.3333333333333333,0.0,BOX DRAWINGS HEAVY DOWN AND LEFT
‚î£,0.6666666666666666,0.6666666666666666,0.3333333333333333,0.0,BOX DRAWINGS HEAVY VERTICAL AND RIGHT
‚ìÅ,0.5,0.5,0.5,0.0,CIRCLED LATIN CAPITAL LETTER L
‚í∫,0.5,0.5,0.5,0.0,CIRCLED LATIN CAPITAL LETTER E
üî¶,0.0,0.0,1.0,0.0,ELECTRIC TORCH
üë§,0.8,0.8,0.2,0.0,BUST IN SILHOUETTE
üöÅ,0.2,0.2,0.8,0.0,HELICOPTER
üé†,0.6,0.6,0.4,0.0,CAROUSEL HORSE
üêÅ,-0.4,0.0,0.6,0.4,MOUSE
üìó,0.2,0.4,0.4,0.2,GREEN BOOK
‚îê,-0.2,0.2,0.4,0.4,BOX DRAWINGS LIGHT DOWN AND LEFT
‚òÆ,0.0,0.4,0.2,0.4,PEACE SYMBOL
‚ôÇ,0.2,0.2,0.8,0.0,MALE SIGN
‚óû,0.0,0.2,0.6,0.2,LOWER RIGHT QUADRANT CIRCULAR ARC
üìØ,-0.2,0.0,0.8,0.2,POSTAL HORN
üî©,0.2,0.4,0.4,0.2,NUT AND BOLT
üë¢,0.8,0.8,0.2,0.0,WOMANS BOOTS
‚óÇ,0.4,0.4,0.6,0.0,BLACK LEFT-POINTING SMALL TRIANGLE
üì∞,0.39999999999999997,0.6,0.2,0.2,NEWSPAPER
üì∂,0.4,0.4,0.6,0.0,ANTENNA WITH BARS
üö•,0.0,0.2,0.6,0.2,HORIZONTAL TRAFFIC LIGHT
üåÑ,0.2,0.2,0.8,0.0,SUNRISE OVER MOUNTAINS
üóæ,0.4,0.4,0.6,0.0,SILHOUETTE OF JAPAN
üî∂,0.4,0.4,0.6,0.0,LARGE ORANGE DIAMOND
üè§,0.4,0.4,0.6,0.0,EUROPEAN POST OFFICE
üé©,0.4,0.4,0.6,0.0,TOP HAT
‚ìÇ,0.39999999999999997,0.6,0.2,0.2,CIRCLED LATIN CAPITAL LETTER M
üîß,-0.6000000000000001,0.2,0.0,0.8,WRENCH
üêÖ,0.2,0.2,0.8,0.0,TIGER
‚ôÆ,0.2,0.2,0.8,0.0,MUSIC NATURAL SIGN
üÖæ,-0.2,0.2,0.4,0.4,NEGATIVE SQUARED LATIN CAPITAL LETTER O
üîÑ,0.0,0.0,1.0,0.0,ANTICLOCKWISE DOWNWARDS AND UPWARDS OPEN CIRCLE ARROWS
‚òÑ,0.0,0.0,1.0,0.0,COMET
‚ò®,0.0,0.0,1.0,0.0,CROSS OF LORRAINE
üì¶,0.25,0.25,0.75,0.0,PACKAGE
üöä,0.25,0.5,0.25,0.25,TRAM
üî≤,0.75,0.75,0.25,0.0,BLACK SQUARE BUTTON
üîÅ,0.0,0.25,0.5,0.25,CLOCKWISE RIGHTWARDS AND LEFTWARDS OPEN CIRCLE ARROWS
‚ñ≥,0.25,0.25,0.75,0.0,WHITE UP-POINTING TRIANGLE
üìÜ,1.0,1.0,0.0,0.0,TEAR-OFF CALENDAR
‚ùõ,0.5,0.5,0.5,0.0,HEAVY SINGLE TURNED COMMA QUOTATION MARK ORNAMENT
üìâ,0.5,0.5,0.5,0.0,CHART WITH DOWNWARDS TREND
‚ñµ,0.5,0.5,0.5,0.0,WHITE UP-POINTING SMALL TRIANGLE
üîé,0.75,0.75,0.25,0.0,RIGHT-POINTING MAGNIFYING GLASS
‚òú,0.25,0.25,0.75,0.0,WHITE LEFT POINTING INDEX
üáØ,0.5,0.5,0.5,0.0,REGIONAL INDICATOR SYMBOL LETTER J
üáµ,0.5,0.5,0.5,0.0,REGIONAL INDICATOR SYMBOL LETTER P
üìò,0.25,0.5,0.25,0.25,BLUE BOOK
‚ú°,0.0,0.0,1.0,0.0,STAR OF DAVID
‚ìî,0.75,0.75,0.25,0.0,CIRCLED LATIN SMALL LETTER E
üîë,0.25,0.5,0.25,0.25,KEY
üîÉ,0.0,0.25,0.5,0.25,CLOCKWISE DOWNWARDS AND UPWARDS OPEN CIRCLE ARROWS
üëÉ,0.0,0.5,0.0,0.5,NOSE
‚≠ï,0.5,0.5,0.5,0.0,HEAVY LARGE CIRCLE
üîò,0.25,0.25,0.75,0.0,RADIO BUTTON
‚ìí,0.0,0.5,0.0,0.5,CIRCLED LATIN SMALL LETTER C
üö≠,1.0,1.0,0.0,0.0,NO SMOKING SYMBOL
üöâ,0.75,0.75,0.25,0.0,STATION
üö™,0.75,0.75,0.25,0.0,DOOR
‚û≥,0.5,0.5,0.5,0.0,WHITE-FEATHERED RIGHTWARDS ARROW
üöÉ,0.75,0.75,0.25,0.0,RAILWAY CAR
‚îØ,-0.5,0.0,0.5,0.5,BOX DRAWINGS DOWN LIGHT AND HORIZONTAL HEAVY
üè¨,0.0,0.0,1.0,0.0,DEPARTMENT STORE
‚òΩ,0.0,0.0,1.0,0.0,FIRST QUARTER MOON
üÜô,0.5,0.5,0.5,0.0,SQUARED UP WITH EXCLAMATION MARK
üÜñ,0.25,0.5,0.25,0.25,SQUARED NG
‚ò™,0.0,0.0,1.0,0.0,STAR AND CRESCENT
‚îó,1.0,1.0,0.0,0.0,BOX DRAWINGS HEAVY UP AND RIGHT
üöÆ,0.0,0.5,0.0,0.5,PUT LITTER IN ITS PLACE SYMBOL
‚î´,0.0,0.0,1.0,0.0,BOX DRAWINGS HEAVY VERTICAL AND LEFT
‚ìÑ,0.5,0.5,0.5,0.0,CIRCLED LATIN CAPITAL LETTER O
‚ùá,0.6666666666666666,0.6666666666666666,0.3333333333333333,0.0,SPARKLE
‚ú¥,0.6666666666666666,0.6666666666666666,0.3333333333333333,0.0,EIGHT POINTED BLACK STAR
‚îå,0.0,0.3333333333333333,0.3333333333333333,0.3333333333333333,BOX DRAWINGS LIGHT DOWN AND RIGHT
‚òä,1.0,1.0,0.0,0.0,ASCENDING NODE
üîï,-0.3333333333333333,0.3333333333333333,0.0,0.6666666666666666,BELL WITH CANCELLATION STROKE
‚¨õ,-0.3333333333333333,0.3333333333333333,0.0,0.6666666666666666,BLACK LARGE SQUARE
‚ùù,0.0,0.0,1.0,0.0,HEAVY DOUBLE TURNED COMMA QUOTATION MARK ORNAMENT
‚ùû,0.0,0.0,1.0,0.0,HEAVY DOUBLE COMMA QUOTATION MARK ORNAMENT
üöû,0.6666666666666666,0.6666666666666666,0.3333333333333333,0.0,MOUNTAIN RAILWAY
üç∂,0.6666666666666666,0.6666666666666666,0.3333333333333333,0.0,SAKE BOTTLE AND CUP
üåê,0.6666666666666666,0.6666666666666666,0.3333333333333333,0.0,GLOBE WITH MERIDIANS
‚ôÄ,0.3333333333333333,0.3333333333333333,0.6666666666666666,0.0,FEMALE SIGN
üöÖ,0.6666666666666666,0.6666666666666666,0.3333333333333333,0.0,HIGH-SPEED TRAIN WITH BULLET NOSE
üöí,-0.3333333333333333,0.0,0.6666666666666666,0.3333333333333333,FIRE ENGINE
‚û£,0.0,0.0,1.0,0.0,THREE-D BOTTOM-LIGHTED RIGHTWARDS ARROWHEAD
‚ôã,0.3333333333333333,0.3333333333333333,0.6666666666666666,0.0,CANCER
‚ôç,0.6666666666666666,0.6666666666666666,0.3333333333333333,0.0,VIRGO
üïù,-0.3333333333333333,0.0,0.6666666666666666,0.3333333333333333,CLOCK FACE TWO-THIRTY
‚ìê,1.0,1.0,0.0,0.0,CIRCLED LATIN SMALL LETTER A
‚úó,0.0,0.3333333333333333,0.3333333333333333,0.3333333333333333,BALLOT X
üìô,0.3333333333333333,0.6666666666666666,0.0,0.3333333333333333,ORANGE BOOK
‚ìà,0.3333333333333333,0.3333333333333333,0.6666666666666666,0.0,CIRCLED LATIN CAPITAL LETTER S
üìã,0.6666666666666666,0.6666666666666666,0.3333333333333333,0.0,CLIPBOARD
‚á¢,0.0,0.3333333333333333,0.3333333333333333,0.3333333333333333,RIGHTWARDS DASHED ARROW
üé±,0.3333333333333333,0.6666666666666666,0.0,0.3333333333333333,BILLIARDS
üêû,0.3333333333333333,0.3333333333333333,0.6666666666666666,0.0,LADY BEETLE
üî∫,0.3333333333333333,0.3333333333333333,0.6666666666666666,0.0,UP-POINTING RED TRIANGLE
‚ì°,1.0,1.0,0.0,0.0,CIRCLED LATIN SMALL LETTER R
üéç,0.0,0.0,1.0,0.0,PINE DECORATION
‚ô§,0.6666666666666666,0.6666666666666666,0.3333333333333333,0.0,WHITE SPADE SUIT
üé≤,0.0,0.0,1.0,0.0,GAME DIE
üéØ,0.6666666666666666,0.6666666666666666,0.3333333333333333,0.0,DIRECT HIT
„Ä†,0.0,0.0,1.0,0.0,POSTAL MARK FACE
üîâ,0.6666666666666666,0.6666666666666666,0.3333333333333333,0.0,SPEAKER WITH ONE SOUND WAVE
‚Ü©,1.0,1.0,0.0,0.0,LEFTWARDS ARROW WITH HOOK
üöæ,0.3333333333333333,0.3333333333333333,0.6666666666666666,0.0,WATER CLOSET
üé£,-0.6666666666666666,0.0,0.3333333333333333,0.6666666666666666,FISHING POLE AND FISH
üî£,0.3333333333333333,0.3333333333333333,0.6666666666666666,0.0,INPUT SYMBOL FOR SYMBOLS
‚ùé,-1.0,0.0,0.0,1.0,NEGATIVE SQUARED CROSS MARK
‚û•,0.3333333333333333,0.3333333333333333,0.6666666666666666,0.0,HEAVY BLACK CURVED DOWNWARDS AND RIGHTWARDS ARROW
üÖ±,0.0,0.0,1.0,0.0,NEGATIVE SQUARED LATIN CAPITAL LETTER B
üéå,1.0,1.0,0.0,0.0,CROSSED FLAGS
‚ó£,0.3333333333333333,0.3333333333333333,0.6666666666666666,0.0,BLACK LOWER LEFT TRIANGLE
‚è¨,1.0,1.0,0.0,0.0,BLACK DOWN-POINTING DOUBLE TRIANGLE
‚ô≠,0.3333333333333333,0.3333333333333333,0.6666666666666666,0.0,MUSIC FLAT SIGN
üí†,0.0,0.0,1.0,0.0,DIAMOND SHAPE WITH A DOT INSIDE
‚ìû,1.0,1.0,0.0,0.0,CIRCLED LATIN SMALL LETTER O
üî≥,0.5,0.5,0.5,0.0,WHITE SQUARE BUTTON
üè≠,0.5,0.5,0.5,0.0,FACTORY
üî∞,0.0,0.0,1.0,0.0,JAPANESE SYMBOL FOR BEGINNER
üé≥,-0.5,0.0,0.5,0.5,BOWLING
‚òö,1.0,1.0,0.0,0.0,BLACK LEFT POINTING INDEX
‚ûΩ,0.5,0.5,0.5,0.0,HEAVY WEDGE-TAILED RIGHTWARDS ARROW
‚û´,0.5,0.5,0.5,0.0,BACK-TILTED SHADOWED WHITE RIGHTWARDS ARROW
‚ûñ,-1.0,0.0,0.0,1.0,HEAVY MINUS SIGN
üèÆ,0.0,0.0,1.0,0.0,IZAKAYA LANTERN
üìõ,0.0,0.0,1.0,0.0,NAME BADGE
Íí∞,0.5,0.5,0.5,0.0,YI RADICAL SHY
Íí±,0.5,0.5,0.5,0.0,YI RADICAL VEP
‚óù,-0.5,0.0,0.5,0.5,UPPER RIGHT QUADRANT CIRCULAR ARC
üìë,1.0,1.0,0.0,0.0,BOOKMARK TABS
üé¶,0.0,0.0,1.0,0.0,CINEMA
‚ìß,1.0,1.0,0.0,0.0,CIRCLED LATIN SMALL LETTER X
üá®,0.0,0.0,1.0,0.0,REGIONAL INDICATOR SYMBOL LETTER C
üá≥,0.0,0.0,1.0,0.0,REGIONAL INDICATOR SYMBOL LETTER N
üîü,1.0,1.0,0.0,0.0,KEYCAP TEN
„Äì,1.0,1.0,0.0,0.0,GETA MARK
‚ìú,0.5,0.5,0.5,0.0,CIRCLED LATIN SMALL LETTER M
‚û†,1.0,1.0,0.0,0.0,HEAVY DASHED TRIANGLE-HEADED RIGHTWARDS ARROW
üöÜ,0.5,0.5,0.5,0.0,TRAIN
üö†,0.0,0.0,1.0,0.0,MOUNTAIN CABLEWAY
‚ÑÖ,-1.0,0.0,0.0,1.0,CARE OF
‚òÉ,0.5,0.5,0.5,0.0,SNOWMAN
üöΩ,1.0,1.0,0.0,0.0,TOILET
üìê,0.0,0.0,1.0,0.0,TRIANGULAR RULER
‚ìù,1.0,1.0,0.0,0.0,CIRCLED LATIN SMALL LETTER N
‚úÆ,0.0,0.0,1.0,0.0,HEAVY OUTLINED BLACK STAR
‚á¶,1.0,1.0,0.0,0.0,LEFTWARDS WHITE ARROW
üë≤,0.5,0.5,0.5,0.0,MAN WITH GUA PI MAO
üö°,-0.5,0.0,0.5,0.5,AERIAL TRAMWAY
üéë,0.0,0.0,1.0,0.0,MOON VIEWING CEREMONY
üî¨,1.0,1.0,0.0,0.0,MICROSCOPE
‚ûó,-0.5,0.0,0.5,0.5,HEAVY DIVISION SIGN
üìà,0.5,0.5,0.5,0.0,CHART WITH UPWARDS TREND
‚åò,0.0,0.0,1.0,0.0,PLACE OF INTEREST SIGN
‚è™,0.5,0.5,0.5,0.0,BLACK LEFT-POINTING DOUBLE TRIANGLE
‚ïπ,0.0,0.0,1.0,0.0,BOX DRAWINGS HEAVY UP
‚óé,1.0,1.0,0.0,0.0,BULLSEYE
üîº,0.0,0.0,1.0,0.0,UP-POINTING SMALL RED TRIANGLE
Íí¶,-1.0,0.0,0.0,1.0,YI RADICAL GGUO
üìé,1.0,1.0,0.0,0.0,PAPERCLIP
‚ëÖ,1.0,1.0,0.0,0.0,OCR BOW TIE
‚çù,0.0,0.0,1.0,0.0,APL FUNCTIONAL SYMBOL UP SHOE JOT
üìÅ,0.0,0.0,1.0,0.0,FILE FOLDER
‚ú≠,1.0,1.0,0.0,0.0,OUTLINED BLACK STAR
‚û≤,0.0,0.0,1.0,0.0,CIRCLED HEAVY WHITE RIGHTWARDS ARROW
‚ôì,0.5,0.5,0.5,0.0,PISCES
‚îè,1.0,1.0,0.0,0.0,BOX DRAWINGS HEAVY DOWN AND RIGHT
‚òá,1.0,1.0,0.0,0.0,LIGHTNING
‚ô∫,0.0,0.0,1.0,0.0,RECYCLING SYMBOL FOR GENERIC MATERIALS
‚ôû,0.0,0.0,1.0,0.0,BLACK CHESS KNIGHT
‡øé,-1.0,0.0,0.0,1.0,TIBETAN SIGN RDEL NAG RDEL DKAR
üì†,0.0,0.0,1.0,0.0,FAX MACHINE
üëò,1.0,1.0,0.0,0.0,KIMONO
‚Üô,1.0,1.0,0.0,0.0,SOUTH WEST ARROW
‚íª,0.5,0.5,0.5,0.0,CIRCLED LATIN CAPITAL LETTER F
‚ìå,0.5,0.5,0.5,0.0,CIRCLED LATIN CAPITAL LETTER W
‚ìÖ,0.5,0.5,0.5,0.0,CIRCLED LATIN CAPITAL LETTER P
üïë,0.5,0.5,0.5,0.0,CLOCK FACE TWO OCLOCK
üíΩ,0.0,0.0,1.0,0.0,MINIDISC
üïõ,1.0,1.0,0.0,0.0,CLOCK FACE TWELVE OCLOCK
üé´,0.0,0.0,1.0,0.0,TICKET
‚ôà,-1.0,0.0,0.0,1.0,ARIES
üìü,0.0,0.0,1.0,0.0,PAGER
‚ÑÉ,0.0,0.0,1.0,0.0,DEGREE CELSIUS
‚Ü¨,1.0,1.0,0.0,0.0,RIGHTWARDS ARROW WITH LOOP
üïí,0.0,0.0,1.0,0.0,CLOCK FACE THREE OCLOCK
üá∞,0.0,0.0,1.0,0.0,REGIONAL INDICATOR SYMBOL LETTER K
‚Ü±,0.0,0.0,1.0,0.0,UPWARDS ARROW WITH TIP RIGHTWARDS
‚úç,1.0,1.0,0.0,0.0,WRITING HAND
‚áê,0.0,0.0,1.0,0.0,LEFTWARDS DOUBLE ARROW
üè¶,1.0,1.0,0.0,0.0,BANK
üîª,1.0,1.0,0.0,0.0,DOWN-POINTING RED TRIANGLE
‚ìü,1.0,1.0,0.0,0.0,CIRCLED LATIN SMALL LETTER P
‚ìï,1.0,1.0,0.0,0.0,CIRCLED LATIN SMALL LETTER F
‚ìò,1.0,1.0,0.0,0.0,CIRCLED LATIN SMALL LETTER I
‚ôø,1.0,1.0,0.0,0.0,WHEELCHAIR SYMBOL
‚áó,1.0,1.0,0.0,0.0,NORTH EAST DOUBLE ARROW
‚áò,1.0,1.0,0.0,0.0,SOUTH EAST DOUBLE ARROW
‚ì®,1.0,1.0,0.0,0.0,CIRCLED LATIN SMALL LETTER Y
‚ìô,1.0,1.0,0.0,0.0,CIRCLED LATIN SMALL LETTER J
‚ñ´,1.0,1.0,0.0,0.0,WHITE SMALL SQUARE
üîá,1.0,1.0,0.0,0.0,SPEAKER WITH CANCELLATION STROKE
‚åÉ,-1.0,0.0,0.0,1.0,UP ARROWHEAD
üîñ,1.0,1.0,0.0,0.0,BOOKMARK
üìú,1.0,1.0,0.0,0.0,SCROLL
‚ôè,0.0,0.0,1.0,0.0,SCORPIUS
üöù,1.0,1.0,0.0,0.0,MONORAIL
‚ò¢,0.0,0.0,1.0,0.0,RADIOACTIVE SIGN
üéè,0.0,0.0,1.0,0.0,CARP STREAMER
‚îò,-1.0,0.0,0.0,1.0,BOX DRAWINGS LIGHT UP AND LEFT
‚úù,-1.0,0.0,0.0,1.0,LATIN CROSS
‚ùñ,0.0,0.0,1.0,0.0,BLACK DIAMOND MINUS WHITE X
‚ç£,-1.0,0.0,0.0,1.0,APL FUNCTIONAL SYMBOL STAR DIAERESIS
üìÆ,-1.0,0.0,0.0,1.0,POSTBOX
üïï,-1.0,0.0,0.0,1.0,CLOCK FACE SIX OCLOCK
üá≠,0.0,0.0,1.0,0.0,REGIONAL INDICATOR SYMBOL LETTER H
‚óú,0.0,0.0,1.0,0.0,UPPER LEFT QUADRANT CIRCULAR ARC
üîØ,1.0,1.0,0.0,0.0,SIX POINTED STAR WITH MIDDLE DOT
‚û∏,1.0,1.0,0.0,0.0,HEAVY BLACK-FEATHERED RIGHTWARDS ARROW
Ííµ,1.0,1.0,0.0,0.0,YI RADICAL JJY
üï•,-1.0,0.0,0.0,1.0,CLOCK FACE TEN-THIRTY
‚ôô,0.0,0.0,1.0,0.0,WHITE CHESS PAWN
‚ñø,0.0,0.0,1.0,0.0,WHITE DOWN-POINTING SMALL TRIANGLE
‚öÉ,0.0,0.0,1.0,0.0,DIE FACE-4
‚úΩ,1.0,1.0,0.0,0.0,HEAVY TEARDROP-SPOKED ASTERISK
üìº,1.0,1.0,0.0,0.0,VIDEOCASSETTE
üïê,-1.0,0.0,0.0,1.0,CLOCK FACE ONE OCLOCK
üÄÑ,1.0,1.0,0.0,0.0,MAHJONG TILE RED DRAGON
‚úæ,0.0,0.0,1.0,0.0,SIX PETALLED BLACK AND WHITE FLORETTE
‚ú¨,1.0,1.0,0.0,0.0,BLACK CENTRE WHITE STAR
üÜë,0.0,0.0,1.0,0.0,SQUARED CL
‚ú´,1.0,1.0,0.0,0.0,OPEN CENTRE BLACK STAR
üïî,-1.0,0.0,0.0,1.0,CLOCK FACE FIVE OCLOCK
‚ù£,1.0,1.0,0.0,0.0,HEAVY HEART EXCLAMATION MARK ORNAMENT
‚û±,0.0,0.0,1.0,0.0,NOTCHED UPPER RIGHT-SHADOWED WHITE RIGHTWARDS ARROW
üÜï,0.0,0.0,1.0,0.0,SQUARED NEW
‚û¢,0.0,0.0,1.0,0.0,THREE-D TOP-LIGHTED RIGHTWARDS ARROWHEAD
‚Üï,0.0,0.0,1.0,0.0,UP DOWN ARROW
üì´,1.0,1.0,0.0,0.0,CLOSED MAILBOX WITH RAISED FLAG
üâê,1.0,1.0,0.0,0.0,CIRCLED IDEOGRAPH ADVANTAGE
‚ôä,0.0,0.0,1.0,0.0,GEMINI
üàÇ,-1.0,0.0,0.0,1.0,SQUARED KATAKANA SA
üé∞,-1.0,0.0,0.0,1.0,SLOT MACHINE
“Ç,-1.0,0.0,0.0,1.0,CYRILLIC THOUSANDS SIGN
‚ï§,-1.0,0.0,0.0,1.0,BOX DRAWINGS DOWN SINGLE AND HORIZONTAL DOUBLE
‚ûõ,0.0,0.0,1.0,0.0,DRAFTING POINT RIGHTWARDS ARROW
‚ôù,0.0,0.0,1.0,0.0,BLACK CHESS BISHOP
‚ùã,0.0,0.0,1.0,0.0,HEAVY EIGHT TEARDROP-SPOKED PROPELLER ASTERISK
‚úÜ,0.0,0.0,1.0,0.0,TELEPHONE LOCATION SIGN
üìî,1.0,1.0,0.0,0.0,NOTEBOOK WITH DECORATIVE COVER
